,Unnamed: 0,date,d_dec,d_unc,d_inc,d_m075,d_m050,d_m025,d_0,d_025,d_050,d_075,month,year,perc_group,decision,-0.125,0.25,0.3125,0.0,0.0625,0.125,-0.25,-0.5,0.5,0.75,-0.75
0,0,1988-02-10,1.0,1.0,1.0,0.0,1.0,1,1.0,1,1.0,0.0,2,1988,"-0.25,0,0.25",-0.125,True,False,False,False,False,False,False,False,False,False,False
1,1,1988-03-29,0.0,1.0,1.0,0.0,0.0,0,1.0,1,1.0,0.0,3,1988,"0,0.25",0.25,False,True,False,False,False,False,False,False,False,False,False
2,2,1988-05-17,1.0,1.0,1.0,0.0,1.0,1,1.0,1,1.0,0.0,5,1988,"-0.25,0,0.25",0.0,False,False,False,True,False,False,False,False,False,False,False
3,3,1988-06-30,1.0,1.0,1.0,0.0,0.0,1,1.0,1,1.0,0.0,6,1988,"-0.25,0,0.25",0.0625,False,False,False,False,True,False,False,False,False,False,False
4,4,1988-08-16,0.0,1.0,1.0,0.0,0.0,0,1.0,1,1.0,0.0,8,1988,"0,0.25",0.0,False,False,False,True,False,False,False,False,False,False,False
5,5,1988-09-20,1.0,1.0,1.0,0.0,1.0,1,1.0,1,1.0,0.0,9,1988,"-0.25,0,0.25",0.0,False,False,False,True,False,False,False,False,False,False,False
6,6,1988-11-01,1.0,1.0,1.0,0.0,1.0,1,1.0,1,1.0,0.0,11,1988,"-0.25,0,0.25",0.0,False,False,False,True,False,False,False,False,False,False,False
7,7,1988-12-14,0.0,1.0,1.0,0.0,0.0,0,1.0,1,1.0,0.0,12,1988,"0,0.25",0.3125,False,False,True,False,False,False,False,False,False,False,False
8,8,1989-02-08,0.0,1.0,1.0,0.0,0.0,0,1.0,1,1.0,0.0,2,1989,"0,0.25",0.125,False,False,False,False,False,True,False,False,False,False,False
9,9,1989-03-28,1.0,1.0,1.0,0.0,1.0,1,1.0,1,1.0,0.0,3,1989,"-0.25,0,0.25",0.0,False,False,False,True,False,False,False,False,False,False,False
10,10,1989-05-16,1.0,1.0,1.0,0.0,0.0,1,1.0,1,1.0,0.0,5,1989,"-0.25,0,0.25",0.0625,False,False,False,False,True,False,False,False,False,False,False
11,11,1989-07-06,1.0,1.0,1.0,0.0,1.0,1,1.0,1,0.0,0.0,7,1989,"-0.25,0,0.25",-0.25,False,False,False,False,False,False,True,False,False,False,False
12,12,1989-08-22,1.0,1.0,1.0,0.0,1.0,1,1.0,1,1.0,0.0,8,1989,"-0.25,0,0.25",0.0,False,False,False,True,False,False,False,False,False,False,False
13,13,1989-10-03,1.0,1.0,1.0,0.0,1.0,1,1.0,1,1.0,0.0,10,1989,"-0.25,0,0.25",0.0,False,False,False,True,False,False,False,False,False,False,False
14,14,1989-11-14,1.0,1.0,0.0,0.0,1.0,1,1.0,0,0.0,0.0,11,1989,"-0.25,0",0.0,False,False,False,True,False,False,False,False,False,False,False
15,15,1989-12-19,1.0,1.0,1.0,0.0,1.0,1,1.0,1,1.0,0.0,12,1989,"-0.25,0,0.25",-0.25,False,False,False,False,False,False,True,False,False,False,False
16,16,1990-02-07,1.0,1.0,1.0,0.0,1.0,1,1.0,1,1.0,0.0,2,1990,"-0.25,0,0.25",0.0,False,False,False,True,False,False,False,False,False,False,False
17,17,1990-03-27,1.0,1.0,1.0,0.0,1.0,1,1.0,1,1.0,0.0,3,1990,"-0.25,0,0.25",0.0,False,False,False,True,False,False,False,False,False,False,False
18,18,1990-05-15,1.0,1.0,1.0,0.0,1.0,1,1.0,1,1.0,0.0,5,1990,"-0.25,0,0.25",0.0,False,False,False,True,False,False,False,False,False,False,False
19,19,1990-07-03,1.0,1.0,1.0,0.0,1.0,1,1.0,1,1.0,0.0,7,1990,"-0.25,0,0.25",0.0,False,False,False,True,False,False,False,False,False,False,False
20,20,1990-08-21,1.0,1.0,1.0,0.0,1.0,1,1.0,1,1.0,0.0,8,1990,"-0.25,0,0.25",0.0,False,False,False,True,False,False,False,False,False,False,False
21,21,1990-10-02,1.0,1.0,1.0,0.0,1.0,1,1.0,1,1.0,0.0,10,1990,"-0.25,0,0.25",0.0,False,False,False,True,False,False,False,False,False,False,False
22,22,1990-11-13,1.0,1.0,1.0,0.0,1.0,1,1.0,1,0.0,0.0,11,1990,"-0.25,0,0.25",-0.25,False,False,False,False,False,False,True,False,False,False,False
23,23,1990-12-18,1.0,1.0,0.0,0.0,1.0,1,1.0,0,0.0,0.0,12,1990,"-0.25,0",-0.25,False,False,False,False,False,False,True,False,False,False,False
24,24,1991-02-06,1.0,1.0,0.0,0.0,1.0,1,1.0,0,0.0,0.0,2,1991,"-0.25,0",0.0,False,False,False,True,False,False,False,False,False,False,False
25,25,1991-03-26,1.0,1.0,1.0,0.0,1.0,1,1.0,1,1.0,0.0,3,1991,"-0.25,0,0.25",0.0,False,False,False,True,False,False,False,False,False,False,False
26,26,1991-05-14,1.0,1.0,0.0,0.0,1.0,1,1.0,0,0.0,0.0,5,1991,"-0.25,0",0.0,False,False,False,True,False,False,False,False,False,False,False
27,27,1991-07-03,1.0,1.0,1.0,0.0,1.0,1,1.0,1,1.0,0.0,7,1991,"-0.25,0,0.25",0.0,False,False,False,True,False,False,False,False,False,False,False
28,28,1991-08-20,1.0,1.0,0.0,0.0,1.0,1,1.0,0,0.0,0.0,8,1991,"-0.25,0",0.0,False,False,False,True,False,False,False,False,False,False,False
29,29,1991-10-01,1.0,1.0,0.0,0.0,1.0,1,1.0,0,0.0,0.0,10,1991,"-0.25,0",0.0,False,False,False,True,False,False,False,False,False,False,False
30,30,1991-11-05,1.0,1.0,0.0,0.0,1.0,1,1.0,0,0.0,0.0,11,1991,"-0.25,0",-0.25,False,False,False,False,False,False,True,False,False,False,False
31,31,1991-12-17,1.0,1.0,0.0,0.0,1.0,1,1.0,0,0.0,0.0,12,1991,"-0.25,0",0.0,False,False,False,True,False,False,False,False,False,False,False
32,32,1992-02-05,1.0,1.0,0.0,0.0,1.0,1,1.0,0,0.0,0.0,2,1992,"-0.25,0",0.0,False,False,False,True,False,False,False,False,False,False,False
33,33,1992-03-31,1.0,1.0,1.0,0.0,1.0,1,1.0,1,1.0,0.0,3,1992,"-0.25,0,0.25",0.0,False,False,False,True,False,False,False,False,False,False,False
34,34,1992-05-19,1.0,1.0,1.0,0.0,1.0,1,1.0,1,1.0,0.0,5,1992,"-0.25,0,0.25",0.0,False,False,False,True,False,False,False,False,False,False,False
35,35,1992-07-01,1.0,1.0,1.0,0.0,1.0,1,1.0,1,1.0,0.0,7,1992,"-0.25,0,0.25",-0.5,False,False,False,False,False,False,False,True,False,False,False
36,36,1992-08-18,1.0,1.0,1.0,0.0,1.0,1,1.0,1,1.0,0.0,8,1992,"-0.25,0,0.25",0.0,False,False,False,True,False,False,False,False,False,False,False
37,37,1992-10-06,1.0,1.0,0.0,0.0,1.0,1,1.0,0,0.0,0.0,10,1992,"-0.25,0",0.0,False,False,False,True,False,False,False,False,False,False,False
38,38,1992-11-17,1.0,1.0,0.0,0.0,1.0,1,1.0,0,0.0,0.0,11,1992,"-0.25,0",0.0,False,False,False,True,False,False,False,False,False,False,False
39,39,1992-12-22,1.0,1.0,1.0,0.0,1.0,1,1.0,1,1.0,0.0,12,1992,"-0.25,0,0.25",0.0,False,False,False,True,False,False,False,False,False,False,False
40,40,1993-02-03,1.0,1.0,1.0,0.0,1.0,1,1.0,1,1.0,0.0,2,1993,"-0.25,0,0.25",0.0,False,False,False,True,False,False,False,False,False,False,False
41,41,1993-03-23,1.0,1.0,1.0,0.0,1.0,1,1.0,1,1.0,0.0,3,1993,"-0.25,0,0.25",0.0,False,False,False,True,False,False,False,False,False,False,False
42,42,1993-05-18,1.0,1.0,1.0,0.0,1.0,1,1.0,1,1.0,0.0,5,1993,"-0.25,0,0.25",0.0,False,False,False,True,False,False,False,False,False,False,False
43,43,1993-07-07,1.0,1.0,1.0,0.0,1.0,1,1.0,1,1.0,0.0,7,1993,"-0.25,0,0.25",0.0,False,False,False,True,False,False,False,False,False,False,False
44,44,1993-08-17,1.0,1.0,1.0,0.0,1.0,1,1.0,1,1.0,0.0,8,1993,"-0.25,0,0.25",0.0,False,False,False,True,False,False,False,False,False,False,False
45,45,1993-09-21,1.0,1.0,1.0,0.0,1.0,1,1.0,1,1.0,0.0,9,1993,"-0.25,0,0.25",0.0,False,False,False,True,False,False,False,False,False,False,False
46,46,1993-11-16,1.0,1.0,1.0,0.0,1.0,1,1.0,1,1.0,0.0,11,1993,"-0.25,0,0.25",0.0,False,False,False,True,False,False,False,False,False,False,False
47,47,1993-12-21,1.0,1.0,1.0,0.0,1.0,1,1.0,1,1.0,0.0,12,1993,"-0.25,0,0.25",0.0,False,False,False,True,False,False,False,False,False,False,False
48,48,1994-02-04,1.0,1.0,1.0,0.0,1.0,1,1.0,1,1.0,0.0,2,1994,"-0.25,0,0.25",0.25,False,True,False,False,False,False,False,False,False,False,False
49,49,1994-03-22,0.0,1.0,1.0,0.0,0.0,0,1.0,1,1.0,0.0,3,1994,"0,0.25",0.25,False,True,False,False,False,False,False,False,False,False,False
50,50,1994-05-17,0.0,1.0,1.0,0.0,0.0,0,1.0,1,1.0,0.0,5,1994,"0,0.25",0.5,False,False,False,False,False,False,False,False,True,False,False
51,51,1994-07-06,0.0,1.0,1.0,0.0,0.0,0,1.0,1,1.0,0.0,7,1994,"0,0.25",0.0,False,False,False,True,False,False,False,False,False,False,False
52,52,1994-08-16,0.0,1.0,1.0,0.0,0.0,0,1.0,1,1.0,0.0,8,1994,"0,0.25",0.5,False,False,False,False,False,False,False,False,True,False,False
53,53,1994-09-27,0.0,1.0,1.0,0.0,0.0,0,1.0,1,1.0,0.0,9,1994,"0,0.25",0.0,False,False,False,True,False,False,False,False,False,False,False
54,54,1994-11-15,0.0,1.0,1.0,0.0,0.0,0,1.0,1,1.0,0.0,11,1994,"0,0.25",0.75,False,False,False,False,False,False,False,False,False,True,False
55,55,1994-12-20,0.0,1.0,1.0,0.0,0.0,0,1.0,1,1.0,0.0,12,1994,"0,0.25",0.0,False,False,False,True,False,False,False,False,False,False,False
56,56,1995-02-01,0.0,1.0,1.0,0.0,0.0,0,1.0,1,1.0,0.0,2,1995,"0,0.25",0.5,False,False,False,False,False,False,False,False,True,False,False
57,57,1995-03-28,1.0,1.0,1.0,0.0,1.0,1,1.0,1,1.0,0.0,3,1995,"-0.25,0,0.25",0.0,False,False,False,True,False,False,False,False,False,False,False
58,58,1995-05-23,1.0,1.0,1.0,0.0,1.0,1,1.0,1,1.0,0.0,5,1995,"-0.25,0,0.25",0.0,False,False,False,True,False,False,False,False,False,False,False
59,59,1995-07-06,1.0,1.0,0.0,0.0,1.0,1,1.0,0,0.0,0.0,7,1995,"-0.25,0",-0.25,False,False,False,False,False,False,True,False,False,False,False
60,60,1995-08-22,1.0,1.0,1.0,0.0,1.0,1,1.0,1,1.0,0.0,8,1995,"-0.25,0,0.25",0.0,False,False,False,True,False,False,False,False,False,False,False
61,61,1995-09-26,1.0,1.0,1.0,0.0,1.0,1,1.0,1,1.0,0.0,9,1995,"-0.25,0,0.25",0.0,False,False,False,True,False,False,False,False,False,False,False
62,62,1995-11-15,1.0,1.0,1.0,0.0,1.0,1,1.0,1,1.0,0.0,11,1995,"-0.25,0,0.25",0.0,False,False,False,True,False,False,False,False,False,False,False
63,63,1995-12-19,1.0,1.0,1.0,0.0,1.0,1,1.0,1,1.0,0.0,12,1995,"-0.25,0,0.25",-0.25,False,False,False,False,False,False,True,False,False,False,False
64,64,1996-01-31,1.0,1.0,1.0,0.0,0.0,1,1.0,1,0.0,0.0,1,1996,"-0.25,0,0.25",-0.25,False,False,False,False,False,False,True,False,False,False,False
65,65,1996-03-26,1.0,1.0,1.0,0.0,1.0,1,1.0,1,1.0,0.0,3,1996,"-0.25,0,0.25",0.0,False,False,False,True,False,False,False,False,False,False,False
66,66,1996-05-21,0.0,1.0,1.0,0.0,0.0,0,1.0,1,1.0,0.0,5,1996,"0,0.25",0.0,False,False,False,True,False,False,False,False,False,False,False
67,67,1996-07-03,0.0,1.0,1.0,0.0,0.0,0,1.0,1,0.0,0.0,7,1996,"0,0.25",0.0,False,False,False,True,False,False,False,False,False,False,False
68,68,1996-08-20,0.0,1.0,1.0,0.0,0.0,0,1.0,1,0.0,0.0,8,1996,"0,0.25",0.0,False,False,False,True,False,False,False,False,False,False,False
69,69,1996-09-24,0.0,1.0,1.0,0.0,0.0,0,1.0,1,1.0,0.0,9,1996,"0,0.25",0.0,False,False,False,True,False,False,False,False,False,False,False
70,70,1996-11-13,1.0,1.0,1.0,0.0,1.0,1,1.0,1,1.0,0.0,11,1996,"-0.25,0,0.25",0.0,False,False,False,True,False,False,False,False,False,False,False
71,71,1996-12-17,1.0,1.0,1.0,0.0,1.0,1,1.0,1,1.0,0.0,12,1996,"-0.25,0,0.25",0.0,False,False,False,True,False,False,False,False,False,False,False
72,72,1997-02-05,0.0,1.0,1.0,0.0,0.0,0,1.0,1,1.0,0.0,2,1997,"0,0.25",0.0,False,False,False,True,False,False,False,False,False,False,False
73,73,1997-03-25,0.0,1.0,1.0,0.0,0.0,0,1.0,1,1.0,0.0,3,1997,"0,0.25",0.25,False,True,False,False,False,False,False,False,False,False,False
74,74,1997-05-20,0.0,1.0,1.0,0.0,0.0,0,1.0,1,1.0,0.0,5,1997,"0,0.25",0.0,False,False,False,True,False,False,False,False,False,False,False
75,75,1997-07-02,0.0,1.0,1.0,0.0,0.0,0,1.0,1,0.0,0.0,7,1997,"0,0.25",0.0,False,False,False,True,False,False,False,False,False,False,False
76,76,1997-08-19,0.0,1.0,1.0,0.0,0.0,0,1.0,1,0.0,0.0,8,1997,"0,0.25",0.0,False,False,False,True,False,False,False,False,False,False,False
77,77,1997-09-30,0.0,1.0,1.0,0.0,0.0,0,1.0,1,0.0,0.0,9,1997,"0,0.25",0.0,False,False,False,True,False,False,False,False,False,False,False
78,78,1997-11-12,0.0,1.0,1.0,0.0,0.0,0,1.0,1,0.0,0.0,11,1997,"0,0.25",0.0,False,False,False,True,False,False,False,False,False,False,False
79,79,1997-12-16,1.0,1.0,1.0,0.0,0.0,1,1.0,1,0.0,0.0,12,1997,"-0.25,0,0.25",0.0,False,False,False,True,False,False,False,False,False,False,False
80,80,1998-02-04,1.0,1.0,0.0,0.0,0.0,1,1.0,0,0.0,0.0,2,1998,"-0.25,0",0.0,False,False,False,True,False,False,False,False,False,False,False
81,81,1998-03-31,1.0,1.0,1.0,0.0,0.0,1,1.0,1,0.0,0.0,3,1998,"-0.25,0,0.25",0.0,False,False,False,True,False,False,False,False,False,False,False
82,82,1998-05-19,0.0,1.0,1.0,0.0,0.0,0,1.0,1,0.0,0.0,5,1998,"0,0.25",0.0,False,False,False,True,False,False,False,False,False,False,False
83,83,1998-07-01,0.0,1.0,1.0,0.0,0.0,0,1.0,1,0.0,0.0,7,1998,"0,0.25",0.0,False,False,False,True,False,False,False,False,False,False,False
84,84,1998-08-18,1.0,1.0,1.0,0.0,0.0,1,1.0,1,0.0,0.0,8,1998,"-0.25,0,0.25",0.0,False,False,False,True,False,False,False,False,False,False,False
85,85,1998-09-29,1.0,1.0,0.0,0.0,0.0,1,1.0,0,0.0,0.0,9,1998,"-0.25,0",-0.25,False,False,False,False,False,False,True,False,False,False,False
86,86,1998-11-17,1.0,1.0,0.0,0.0,0.0,1,1.0,0,0.0,0.0,11,1998,"-0.25,0",-0.25,False,False,False,False,False,False,True,False,False,False,False
87,87,1998-12-22,1.0,1.0,1.0,0.0,0.0,1,1.0,1,0.0,0.0,12,1998,"-0.25,0,0.25",0.0,False,False,False,True,False,False,False,False,False,False,False
88,88,1999-02-03,1.0,1.0,1.0,0.0,0.0,1,1.0,1,0.0,0.0,2,1999,"-0.25,0,0.25",0.0,False,False,False,True,False,False,False,False,False,False,False
89,89,1999-03-30,0.0,1.0,1.0,0.0,0.0,0,1.0,1,0.0,0.0,3,1999,"0,0.25",0.0,False,False,False,True,False,False,False,False,False,False,False
90,90,1999-05-18,0.0,1.0,1.0,0.0,0.0,0,1.0,1,0.0,0.0,5,1999,"0,0.25",0.0,False,False,False,True,False,False,False,False,False,False,False
91,91,1999-06-30,0.0,1.0,1.0,0.0,0.0,0,1.0,1,0.0,0.0,6,1999,"0,0.25",0.25,False,True,False,False,False,False,False,False,False,False,False
92,92,1999-08-24,0.0,1.0,1.0,0.0,0.0,0,1.0,1,0.0,0.0,8,1999,"0,0.25",0.25,False,True,False,False,False,False,False,False,False,False,False
93,93,1999-10-05,0.0,1.0,1.0,0.0,0.0,0,1.0,1,0.0,0.0,10,1999,"0,0.25",0.0,False,False,False,True,False,False,False,False,False,False,False
94,94,1999-11-16,0.0,1.0,1.0,0.0,0.0,0,1.0,1,0.0,0.0,11,1999,"0,0.25",0.25,False,True,False,False,False,False,False,False,False,False,False
95,95,1999-12-21,0.0,1.0,1.0,0.0,0.0,0,1.0,1,0.0,0.0,12,1999,"0,0.25",0.0,False,False,False,True,False,False,False,False,False,False,False
96,96,2000-02-02,0.0,1.0,1.0,0.0,0.0,0,1.0,1,1.0,0.0,2,2000,"0,0.25",0.25,False,True,False,False,False,False,False,False,False,False,False
97,97,2000-03-21,0.0,1.0,1.0,0.0,0.0,0,1.0,1,1.0,0.0,3,2000,"0,0.25",0.25,False,True,False,False,False,False,False,False,False,False,False
98,98,2000-05-16,0.0,0.0,1.0,0.0,0.0,0,0.0,1,1.0,0.0,5,2000,0.25,0.5,False,False,False,False,False,False,False,False,True,False,False
99,99,2000-06-28,0.0,1.0,1.0,0.0,0.0,0,1.0,1,0.0,0.0,6,2000,"0,0.25",0.0,False,False,False,True,False,False,False,False,False,False,False
100,100,2000-08-22,0.0,1.0,1.0,0.0,0.0,0,1.0,1,0.0,0.0,8,2000,"0,0.25",0.0,False,False,False,True,False,False,False,False,False,False,False
101,101,2000-10-03,0.0,1.0,1.0,0.0,0.0,0,1.0,1,0.0,0.0,10,2000,"0,0.25",0.0,False,False,False,True,False,False,False,False,False,False,False
102,102,2000-11-15,1.0,1.0,1.0,0.0,0.0,1,1.0,1,0.0,0.0,11,2000,"-0.25,0,0.25",0.0,False,False,False,True,False,False,False,False,False,False,False
103,103,2000-12-19,1.0,1.0,1.0,0.0,0.0,1,1.0,1,0.0,0.0,12,2000,"-0.25,0,0.25",0.0,False,False,False,True,False,False,False,False,False,False,False
104,104,2001-01-31,1.0,1.0,0.0,0.0,0.0,1,1.0,0,0.0,0.0,1,2001,"-0.25,0",-0.5,False,False,False,False,False,False,False,True,False,False,False
105,105,2001-03-20,1.0,0.0,0.0,1.0,1.0,1,0.0,0,0.0,0.0,3,2001,-0.25,-0.5,False,False,False,False,False,False,False,True,False,False,False
106,106,2001-05-15,1.0,0.0,0.0,1.0,1.0,1,0.0,0,0.0,0.0,5,2001,-0.25,-0.5,False,False,False,False,False,False,False,True,False,False,False
107,107,2001-06-27,1.0,1.0,0.0,0.0,1.0,1,1.0,0,0.0,0.0,6,2001,"-0.25,0",-0.25,False,False,False,False,False,False,True,False,False,False,False
108,108,2001-08-21,1.0,1.0,0.0,0.0,1.0,1,1.0,0,0.0,0.0,8,2001,"-0.25,0",-0.25,False,False,False,False,False,False,True,False,False,False,False
109,109,2001-10-02,1.0,0.0,0.0,0.0,0.0,1,0.0,0,0.0,0.0,10,2001,-0.25,-0.5,False,False,False,False,False,False,False,True,False,False,False
110,110,2001-11-06,1.0,1.0,0.0,0.0,1.0,1,1.0,0,0.0,0.0,11,2001,"-0.25,0",-0.5,False,False,False,False,False,False,False,True,False,False,False
111,111,2001-12-11,1.0,1.0,0.0,0.0,1.0,1,1.0,0,0.0,0.0,12,2001,"-0.25,0",-0.25,False,False,False,False,False,False,True,False,False,False,False
112,112,2002-01-30,1.0,1.0,0.0,0.0,0.0,1,1.0,0,0.0,0.0,1,2002,"-0.25,0",0.0,False,False,False,True,False,False,False,False,False,False,False
113,113,2002-03-19,1.0,1.0,1.0,0.0,0.0,1,1.0,1,0.0,0.0,3,2002,"-0.25,0,0.25",0.0,False,False,False,True,False,False,False,False,False,False,False
114,114,2002-05-07,0.0,1.0,1.0,0.0,0.0,0,1.0,1,0.0,0.0,5,2002,"0,0.25",0.0,False,False,False,True,False,False,False,False,False,False,False
115,115,2002-06-26,1.0,1.0,1.0,0.0,0.0,1,1.0,1,0.0,0.0,6,2002,"-0.25,0,0.25",0.0,False,False,False,True,False,False,False,False,False,False,False
116,116,2002-08-13,1.0,1.0,0.0,0.0,0.0,1,1.0,0,0.0,0.0,8,2002,"-0.25,0",0.0,False,False,False,True,False,False,False,False,False,False,False
117,117,2002-09-24,1.0,1.0,0.0,0.0,1.0,1,1.0,0,0.0,0.0,9,2002,"-0.25,0",0.0,False,False,False,True,False,False,False,False,False,False,False
118,118,2002-11-06,1.0,1.0,0.0,0.0,1.0,1,1.0,0,0.0,0.0,11,2002,"-0.25,0",-0.5,False,False,False,False,False,False,False,True,False,False,False
119,119,2002-12-10,1.0,1.0,0.0,0.0,0.0,1,1.0,0,0.0,0.0,12,2002,"-0.25,0",0.0,False,False,False,True,False,False,False,False,False,False,False
120,120,2003-01-29,1.0,1.0,0.0,0.0,0.0,1,1.0,0,0.0,0.0,1,2003,"-0.25,0",0.0,False,False,False,True,False,False,False,False,False,False,False
121,121,2003-03-18,1.0,1.0,0.0,0.0,1.0,1,1.0,0,0.0,0.0,3,2003,"-0.25,0",0.0,False,False,False,True,False,False,False,False,False,False,False
122,122,2003-05-06,1.0,1.0,0.0,0.0,1.0,1,1.0,0,0.0,0.0,5,2003,"-0.25,0",0.0,False,False,False,True,False,False,False,False,False,False,False
123,123,2003-06-25,1.0,1.0,0.0,0.0,1.0,1,1.0,0,0.0,0.0,6,2003,"-0.25,0",-0.25,False,False,False,False,False,False,True,False,False,False,False
124,124,2003-08-12,1.0,1.0,0.0,0.0,0.0,1,1.0,0,0.0,0.0,8,2003,"-0.25,0",0.0,False,False,False,True,False,False,False,False,False,False,False
125,125,2003-09-16,1.0,1.0,0.0,0.0,0.0,1,1.0,0,0.0,0.0,9,2003,"-0.25,0",0.0,False,False,False,True,False,False,False,False,False,False,False
126,126,2003-10-28,1.0,1.0,0.0,0.0,0.0,1,1.0,0,0.0,0.0,10,2003,"-0.25,0",0.0,False,False,False,True,False,False,False,False,False,False,False
127,127,2003-12-09,1.0,1.0,0.0,0.0,0.0,1,1.0,0,0.0,0.0,12,2003,"-0.25,0",0.0,False,False,False,True,False,False,False,False,False,False,False
128,128,2004-01-28,1.0,1.0,1.0,0.0,0.0,1,1.0,1,0.0,0.0,1,2004,"-0.25,0,0.25",0.0,False,False,False,True,False,False,False,False,False,False,False
129,129,2004-03-16,0.0,1.0,0.0,0.0,0.0,0,1.0,0,0.0,0.0,3,2004,0,0.0,False,False,False,True,False,False,False,False,False,False,False
130,130,2004-05-04,0.0,1.0,1.0,0.0,0.0,0,1.0,1,0.0,0.0,5,2004,"0,0.25",0.0,False,False,False,True,False,False,False,False,False,False,False
131,131,2004-06-30,0.0,1.0,1.0,0.0,0.0,0,1.0,1,1.0,0.0,6,2004,"0,0.25",0.25,False,True,False,False,False,False,False,False,False,False,False
132,132,2004-08-10,0.0,1.0,1.0,0.0,0.0,0,1.0,1,1.0,0.0,8,2004,"0,0.25",0.25,False,True,False,False,False,False,False,False,False,False,False
133,133,2004-09-21,0.0,1.0,1.0,0.0,0.0,0,1.0,1,0.0,0.0,9,2004,"0,0.25",0.25,False,True,False,False,False,False,False,False,False,False,False
134,134,2004-11-10,0.0,1.0,1.0,0.0,0.0,0,1.0,1,0.0,0.0,11,2004,"0,0.25",0.25,False,True,False,False,False,False,False,False,False,False,False
135,135,2004-12-14,0.0,1.0,1.0,0.0,0.0,0,1.0,1,0.0,0.0,12,2004,"0,0.25",0.25,False,True,False,False,False,False,False,False,False,False,False
136,136,2005-02-02,0.0,1.0,1.0,0.0,0.0,0,1.0,1,1.0,0.0,2,2005,"0,0.25",0.25,False,True,False,False,False,False,False,False,False,False,False
137,137,2005-03-22,0.0,0.0,1.0,0.0,0.0,0,0.0,1,1.0,0.0,3,2005,0.25,0.25,False,True,False,False,False,False,False,False,False,False,False
138,138,2005-05-03,0.0,0.0,1.0,0.0,0.0,0,0.0,1,1.0,0.0,5,2005,0.25,0.25,False,True,False,False,False,False,False,False,False,False,False
139,139,2005-06-30,0.0,0.0,1.0,0.0,0.0,0,0.0,1,1.0,0.0,6,2005,0.25,0.25,False,True,False,False,False,False,False,False,False,False,False
140,140,2005-08-09,0.0,0.0,1.0,0.0,0.0,0,0.0,1,1.0,0.0,8,2005,0.25,0.25,False,True,False,False,False,False,False,False,False,False,False
141,141,2005-09-20,0.0,1.0,1.0,0.0,0.0,0,1.0,1,0.0,0.0,9,2005,"0,0.25",0.25,False,True,False,False,False,False,False,False,False,False,False
142,142,2005-11-01,0.0,1.0,1.0,0.0,0.0,0,1.0,1,1.0,0.0,11,2005,"0,0.25",0.25,False,True,False,False,False,False,False,False,False,False,False
143,143,2005-12-13,0.0,0.0,1.0,0.0,0.0,0,0.0,1,0.0,0.0,12,2005,0.25,0.25,False,True,False,False,False,False,False,False,False,False,False
144,144,2006-01-31,0.0,0.0,1.0,0.0,0.0,0,0.0,1,0.0,0.0,1,2006,0.25,0.25,False,True,False,False,False,False,False,False,False,False,False
145,145,2006-03-28,0.0,1.0,1.0,0.0,0.0,0,1.0,1,0.0,0.0,3,2006,"0,0.25",0.25,False,True,False,False,False,False,False,False,False,False,False
146,146,2006-05-10,0.0,1.0,1.0,0.0,0.0,0,1.0,1,1.0,0.0,5,2006,"0,0.25",0.25,False,True,False,False,False,False,False,False,False,False,False
147,147,2006-06-29,0.0,1.0,1.0,0.0,0.0,0,1.0,1,1.0,0.0,6,2006,"0,0.25",0.25,False,True,False,False,False,False,False,False,False,False,False
148,148,2006-08-08,0.0,1.0,1.0,0.0,0.0,0,1.0,1,0.0,0.0,8,2006,"0,0.25",0.0,False,False,False,True,False,False,False,False,False,False,False
149,149,2006-09-20,0.0,1.0,1.0,0.0,0.0,0,1.0,1,0.0,0.0,9,2006,"0,0.25",0.0,False,False,False,True,False,False,False,False,False,False,False
150,150,2006-10-25,0.0,1.0,1.0,0.0,0.0,0,1.0,1,0.0,0.0,10,2006,"0,0.25",0.0,False,False,False,True,False,False,False,False,False,False,False
151,151,2006-12-12,0.0,1.0,1.0,0.0,0.0,0,1.0,1,0.0,0.0,12,2006,"0,0.25",0.0,False,False,False,True,False,False,False,False,False,False,False
152,152,2007-01-31,0.0,1.0,1.0,0.0,0.0,0,1.0,1,0.0,0.0,1,2007,"0,0.25",0.0,False,False,False,True,False,False,False,False,False,False,False
153,153,2007-03-21,1.0,1.0,1.0,0.0,0.0,1,1.0,1,0.0,0.0,3,2007,"-0.25,0,0.25",0.0,False,False,False,True,False,False,False,False,False,False,False
154,154,2007-05-09,1.0,1.0,1.0,0.0,0.0,1,1.0,1,0.0,0.0,5,2007,"-0.25,0,0.25",0.0,False,False,False,True,False,False,False,False,False,False,False
155,155,2007-06-28,1.0,1.0,1.0,0.0,0.0,1,1.0,1,0.0,0.0,6,2007,"-0.25,0,0.25",0.0,False,False,False,True,False,False,False,False,False,False,False
156,156,2007-08-07,1.0,1.0,1.0,0.0,0.0,1,1.0,1,0.0,0.0,8,2007,"-0.25,0,0.25",0.0,False,False,False,True,False,False,False,False,False,False,False
157,157,2007-09-18,1.0,1.0,0.0,0.0,1.0,1,1.0,0,0.0,0.0,9,2007,"-0.25,0",-0.5,False,False,False,False,False,False,False,True,False,False,False
158,158,2007-10-31,1.0,1.0,0.0,0.0,0.0,1,1.0,0,0.0,0.0,10,2007,"-0.25,0",-0.25,False,False,False,False,False,False,True,False,False,False,False
159,159,2007-12-11,1.0,1.0,0.0,0.0,1.0,1,1.0,0,0.0,0.0,12,2007,"-0.25,0",-0.25,False,False,False,False,False,False,True,False,False,False,False
160,160,2008-01-30,1.0,1.0,0.0,1.0,1.0,1,1.0,0,0.0,0.0,1,2008,"-0.25,0",-0.5,False,False,False,False,False,False,False,True,False,False,False
161,161,2008-03-18,1.0,1.0,0.0,1.0,1.0,1,1.0,0,0.0,0.0,3,2008,"-0.25,0",-0.75,False,False,False,False,False,False,False,False,False,False,True
162,162,2008-04-30,1.0,1.0,0.0,0.0,1.0,1,1.0,0,0.0,0.0,4,2008,"-0.25,0",-0.25,False,False,False,False,False,False,True,False,False,False,False
163,163,2008-06-25,1.0,1.0,1.0,0.0,0.0,1,1.0,1,0.0,0.0,6,2008,"-0.25,0,0.25",0.0,False,False,False,True,False,False,False,False,False,False,False
164,164,2008-08-05,0.0,1.0,1.0,0.0,0.0,0,1.0,1,0.0,0.0,8,2008,"0,0.25",0.0,False,False,False,True,False,False,False,False,False,False,False
165,165,2008-09-16,0.0,1.0,1.0,0.0,0.0,0,1.0,1,0.0,0.0,9,2008,"0,0.25",0.0,False,False,False,True,False,False,False,False,False,False,False
166,166,2008-10-29,1.0,1.0,0.0,0.0,1.0,1,1.0,0,0.0,0.0,10,2008,"-0.25,0",-0.5,False,False,False,False,False,False,False,True,False,False,False
167,167,2008-12-16,1.0,1.0,0.0,0.0,1.0,1,1.0,0,0.0,0.0,12,2008,"-0.25,0",-0.5,False,False,False,False,False,False,False,True,False,False,False
