speaker,date,speaker_id,votingmember,ambdiss,tighterdiss,easierdiss
angell,1988-01-05,id_0,1,0,0,0
stern,1988-01-05,id_55,1,0,0,0
keehn,1988-01-05,id_27,1,0,0,0
kelley,1988-01-05,id_28,1,0,0,0
boehne,1988-01-05,id_5,1,0,0,0
heller,1988-01-05,id_21,1,0,0,0
boykin,1988-01-05,id_6,1,0,0,0
greenspan,1988-01-05,id_18,1,0,0,0
seger,1988-01-05,id_54,1,1,0,0
johnson,1988-01-05,id_25,1,0,0,0
corrigan,1988-01-05,id_8,1,0,0,0
kelley,1988-02-10,id_28,1,0,0,0
boehne,1988-02-10,id_5,1,0,0,0
stern,1988-02-10,id_55,1,0,0,0
johnson,1988-02-10,id_25,1,0,0,0
keehn,1988-02-10,id_27,1,0,0,0
seger,1988-02-10,id_54,1,0,0,0
boykin,1988-02-10,id_6,1,0,0,0
heller,1988-02-10,id_21,1,0,0,0
corrigan,1988-02-10,id_8,1,0,0,0
angell,1988-02-10,id_0,1,0,0,0
greenspan,1988-02-10,id_18,1,0,0,0
angell,1988-03-29,id_0,1,0,0,0
forrestal,1988-03-29,id_15,1,0,0,0
hoskins,1988-03-29,id_24,1,0,0,0
johnson,1988-03-29,id_25,1,0,0,0
parry,1988-03-29,id_45,1,0,0,0
seger,1988-03-29,id_54,1,0,0,1
black,1988-03-29,id_3,1,0,0,0
corrigan,1988-03-29,id_8,1,0,0,0
greenspan,1988-03-29,id_18,1,0,0,0
kelley,1988-03-29,id_28,1,0,0,0
heller,1988-03-29,id_21,1,0,0,0
parry,1988-05-17,id_45,1,0,1,0
corrigan,1988-05-17,id_8,1,0,0,0
hoskins,1988-05-17,id_24,1,0,1,0
forrestal,1988-05-17,id_15,1,0,0,0
johnson,1988-05-17,id_25,1,0,0,0
seger,1988-05-17,id_54,1,0,0,0
kelley,1988-05-17,id_28,1,0,0,0
black,1988-05-17,id_3,1,0,0,0
greenspan,1988-05-17,id_18,1,0,0,0
heller,1988-05-17,id_21,1,0,0,0
angell,1988-05-17,id_0,1,0,0,0
parry,1988-06-30,id_45,1,0,0,0
seger,1988-06-30,id_54,1,0,0,1
black,1988-06-30,id_3,1,0,0,0
johnson,1988-06-30,id_25,1,0,0,0
forrestal,1988-06-30,id_15,1,0,0,0
hoskins,1988-06-30,id_24,1,0,0,0
greenspan,1988-06-30,id_18,1,0,0,0
heller,1988-06-30,id_21,1,0,0,0
angell,1988-06-30,id_0,1,0,0,1
kelley,1988-06-30,id_28,1,0,0,1
corrigan,1988-06-30,id_8,1,0,0,0
seger,1988-08-16,id_54,1,0,0,0
parry,1988-08-16,id_45,1,0,0,0
forrestal,1988-08-16,id_15,1,0,0,0
black,1988-08-16,id_3,1,0,0,0
johnson,1988-08-16,id_25,1,0,0,0
greenspan,1988-08-16,id_18,1,0,0,0
laware,1988-08-16,id_31,1,0,0,0
hoskins,1988-08-16,id_24,1,0,1,0
angell,1988-08-16,id_0,1,0,0,0
corrigan,1988-08-16,id_8,1,0,0,0
heller,1988-08-16,id_21,1,0,0,0
laware,1988-09-20,id_31,1,0,0,0
black,1988-09-20,id_3,1,0,0,0
hoskins,1988-09-20,id_24,1,0,0,0
seger,1988-09-20,id_54,1,0,0,0
heller,1988-09-20,id_21,1,0,0,0
kelley,1988-09-20,id_28,1,0,0,0
johnson,1988-09-20,id_25,1,0,0,0
forrestal,1988-09-20,id_15,1,0,0,0
corrigan,1988-09-20,id_8,1,0,0,0
parry,1988-09-20,id_45,1,0,0,0
angell,1988-09-20,id_0,1,0,0,0
greenspan,1988-09-20,id_18,1,0,0,0
seger,1988-11-01,id_54,1,1,0,0
black,1988-11-01,id_3,1,0,0,0
forrestal,1988-11-01,id_15,1,0,0,0
corrigan,1988-11-01,id_8,1,0,0,0
angell,1988-11-01,id_0,1,0,0,0
greenspan,1988-11-01,id_18,1,0,0,0
laware,1988-11-01,id_31,1,0,0,0
parry,1988-11-01,id_45,1,0,0,0
kelley,1988-11-01,id_28,1,0,0,0
hoskins,1988-11-01,id_24,1,0,0,0
heller,1988-11-01,id_21,1,0,0,0
johnson,1988-11-01,id_25,1,0,0,0
black,1988-12-14,id_3,1,0,0,0
johnson,1988-12-14,id_25,1,0,0,0
laware,1988-12-14,id_31,1,0,0,0
forrestal,1988-12-14,id_15,1,0,0,0
corrigan,1988-12-14,id_8,1,0,0,0
seger,1988-12-14,id_54,1,0,0,1
greenspan,1988-12-14,id_18,1,0,0,0
kelley,1988-12-14,id_28,1,0,0,0
parry,1988-12-14,id_45,1,0,0,0
angell,1988-12-14,id_0,1,0,0,0
hoskins,1988-12-14,id_24,1,0,0,0
heller,1988-12-14,id_21,1,0,0,0
angell,1989-02-08,id_0,1,0,0,0
johnson,1989-02-08,id_25,1,0,0,0
forrestal,1989-02-08,id_15,1,0,0,0
heller,1989-02-08,id_21,1,0,0,0
kelley,1989-02-08,id_28,1,0,0,0
greenspan,1989-02-08,id_18,1,0,0,0
hoskins,1989-02-08,id_24,1,0,1,0
parry,1989-02-08,id_45,1,0,1,0
seger,1989-02-08,id_54,1,0,0,0
laware,1989-02-08,id_31,1,0,0,0
corrigan,1989-02-08,id_8,1,0,0,0
black,1989-02-08,id_3,1,0,0,0
kelley,1989-03-28,id_28,1,0,0,0
angell,1989-03-28,id_0,1,0,0,0
syron,1989-03-28,id_56,1,0,0,0
johnson,1989-03-28,id_25,1,0,0,0
greenspan,1989-03-28,id_18,1,0,0,0
seger,1989-03-28,id_54,1,0,0,1
laware,1989-03-28,id_31,1,0,0,0
melzer,1989-03-28,id_37,1,0,0,0
corrigan,1989-03-28,id_8,1,0,0,0
keehn,1989-03-28,id_27,1,0,0,0
guffey,1989-03-28,id_19,1,0,0,0
heller,1989-03-28,id_21,1,0,0,0
keehn,1989-05-16,id_27,1,0,0,0
angell,1989-05-16,id_0,1,0,0,0
kelley,1989-05-16,id_28,1,0,0,0
melzer,1989-05-16,id_37,1,0,0,1
laware,1989-05-16,id_31,1,0,0,0
heller,1989-05-16,id_21,1,0,0,0
johnson,1989-05-16,id_25,1,0,0,0
guffey,1989-05-16,id_19,1,0,0,0
greenspan,1989-05-16,id_18,1,0,0,0
seger,1989-05-16,id_54,1,0,0,0
syron,1989-05-16,id_56,1,0,0,0
corrigan,1989-05-16,id_8,1,0,0,0
laware,1989-07-06,id_31,1,0,0,0
greenspan,1989-07-06,id_18,1,0,0,0
keehn,1989-07-06,id_27,1,0,0,0
kelley,1989-07-06,id_28,1,0,0,0
johnson,1989-07-06,id_25,1,0,0,0
seger,1989-07-06,id_54,1,0,0,1
melzer,1989-07-06,id_37,1,0,0,0
guffey,1989-07-06,id_19,1,0,0,0
corrigan,1989-07-06,id_8,1,0,0,0
angell,1989-07-06,id_0,1,0,0,0
syron,1989-07-06,id_56,1,0,0,0
guffey,1989-08-22,id_19,1,1,0,0
greenspan,1989-08-22,id_18,1,0,0,0
keehn,1989-08-22,id_27,1,0,0,0
johnson,1989-08-22,id_25,1,0,0,0
seger,1989-08-22,id_54,1,0,0,0
corrigan,1989-08-22,id_8,1,0,0,0
angell,1989-08-22,id_0,1,0,0,0
syron,1989-08-22,id_56,1,0,0,0
melzer,1989-08-22,id_37,1,0,0,0
kelley,1989-08-22,id_28,1,0,0,0
laware,1989-08-22,id_31,1,0,0,0
greenspan,1989-10-03,id_18,1,0,0,0
syron,1989-10-03,id_56,1,0,0,0
kelley,1989-10-03,id_28,1,0,0,0
angell,1989-10-03,id_0,1,0,0,0
corrigan,1989-10-03,id_8,1,0,0,0
johnson,1989-10-03,id_25,1,0,0,0
seger,1989-10-03,id_54,1,0,0,1
melzer,1989-10-03,id_37,1,0,0,0
guffey,1989-10-03,id_19,1,1,0,0
keehn,1989-10-03,id_27,1,0,0,0
laware,1989-10-03,id_31,1,0,0,0
seger,1989-11-14,id_54,1,0,0,1
guffey,1989-11-14,id_19,1,0,0,0
greenspan,1989-11-14,id_18,1,0,0,0
melzer,1989-11-14,id_37,1,0,0,0
laware,1989-11-14,id_31,1,0,0,0
angell,1989-11-14,id_0,1,0,0,0
corrigan,1989-11-14,id_8,1,0,0,0
syron,1989-11-14,id_56,1,0,0,0
johnson,1989-11-14,id_25,1,0,0,0
kelley,1989-11-14,id_28,1,0,0,0
keehn,1989-11-14,id_27,1,0,0,0
greenspan,1989-12-19,id_18,1,0,0,0
keehn,1989-12-19,id_27,1,0,0,0
laware,1989-12-19,id_31,1,0,0,0
angell,1989-12-19,id_0,1,0,1,0
melzer,1989-12-19,id_37,1,0,1,0
johnson,1989-12-19,id_25,1,0,0,0
seger,1989-12-19,id_54,1,0,0,0
syron,1989-12-19,id_56,1,0,0,0
corrigan,1989-12-19,id_8,1,0,0,0
guffey,1989-12-19,id_19,1,0,0,0
kelley,1989-12-19,id_28,1,0,0,0
angell,1990-02-07,id_0,1,0,0,0
laware,1990-02-07,id_31,1,0,0,0
corrigan,1990-02-07,id_8,1,0,0,0
boykin,1990-02-07,id_6,1,0,1,0
stern,1990-02-07,id_55,1,0,0,0
kelley,1990-02-07,id_28,1,0,0,0
hoskins,1990-02-07,id_24,1,0,1,0
seger,1990-02-07,id_54,1,0,0,1
johnson,1990-02-07,id_25,1,0,0,0
boehne,1990-02-07,id_5,1,0,0,0
greenspan,1990-02-07,id_18,1,0,0,0
stern,1990-03-27,id_55,1,0,0,0
corrigan,1990-03-27,id_8,1,0,0,0
angell,1990-03-27,id_0,1,0,0,0
laware,1990-03-27,id_31,1,0,0,0
johnson,1990-03-27,id_25,1,0,0,0
seger,1990-03-27,id_54,1,0,0,0
hoskins,1990-03-27,id_24,1,0,1,0
kelley,1990-03-27,id_28,1,0,0,0
boykin,1990-03-27,id_6,1,0,1,0
boehne,1990-03-27,id_5,1,0,0,0
greenspan,1990-03-27,id_18,1,0,0,0
hoskins,1990-05-15,id_24,1,0,1,0
boykin,1990-05-15,id_6,1,0,0,0
laware,1990-05-15,id_31,1,0,0,0
greenspan,1990-05-15,id_18,1,0,0,0
seger,1990-05-15,id_54,1,0,0,0
angell,1990-05-15,id_0,1,0,0,0
johnson,1990-05-15,id_25,1,0,0,0
boehne,1990-05-15,id_5,1,0,0,0
corrigan,1990-05-15,id_8,1,0,0,0
stern,1990-05-15,id_55,1,0,0,0
kelley,1990-05-15,id_28,1,0,0,0
seger,1990-07-03,id_54,1,0,0,0
angell,1990-07-03,id_0,1,0,0,0
greenspan,1990-07-03,id_18,1,0,0,0
laware,1990-07-03,id_31,1,0,0,0
mullins,1990-07-03,id_42,1,0,0,0
stern,1990-07-03,id_55,1,0,0,0
hoskins,1990-07-03,id_24,1,0,0,0
boykin,1990-07-03,id_6,1,0,0,0
kelley,1990-07-03,id_28,1,0,0,0
boehne,1990-07-03,id_5,1,0,0,0
corrigan,1990-07-03,id_8,1,0,0,0
mullins,1990-08-21,id_42,1,0,0,0
angell,1990-08-21,id_0,1,0,0,0
corrigan,1990-08-21,id_8,1,0,0,0
hoskins,1990-08-21,id_24,1,0,0,0
greenspan,1990-08-21,id_18,1,0,0,0
kelley,1990-08-21,id_28,1,0,0,0
boehne,1990-08-21,id_5,1,0,0,0
stern,1990-08-21,id_55,1,0,0,0
laware,1990-08-21,id_31,1,0,0,0
boykin,1990-08-21,id_6,1,0,0,0
seger,1990-08-21,id_54,1,0,0,0
greenspan,1990-10-02,id_18,1,0,0,0
corrigan,1990-10-02,id_8,1,0,0,0
boykin,1990-10-02,id_6,1,0,1,0
stern,1990-10-02,id_55,1,0,0,0
boehne,1990-10-02,id_5,1,0,0,0
kelley,1990-10-02,id_28,1,0,0,0
angell,1990-10-02,id_0,1,0,1,0
hoskins,1990-10-02,id_24,1,0,1,0
mullins,1990-10-02,id_42,1,0,0,0
seger,1990-10-02,id_54,1,0,0,1
laware,1990-10-02,id_31,1,0,0,0
greenspan,1990-11-13,id_18,1,0,0,0
laware,1990-11-13,id_31,1,0,0,0
corrigan,1990-11-13,id_8,1,0,0,0
seger,1990-11-13,id_54,1,0,0,0
kelley,1990-11-13,id_28,1,0,0,0
hoskins,1990-11-13,id_24,1,0,0,0
stern,1990-11-13,id_55,1,0,0,0
angell,1990-11-13,id_0,1,0,0,0
boehne,1990-11-13,id_5,1,0,0,0
boykin,1990-11-13,id_6,1,0,0,0
mullins,1990-11-13,id_42,1,0,0,0
angell,1990-12-18,id_0,1,0,0,0
boehne,1990-12-18,id_5,1,0,0,0
boykin,1990-12-18,id_6,1,0,0,0
kelley,1990-12-18,id_28,1,0,0,0
corrigan,1990-12-18,id_8,1,0,0,0
laware,1990-12-18,id_31,1,0,0,0
mullins,1990-12-18,id_42,1,0,0,0
greenspan,1990-12-18,id_18,1,0,0,0
stern,1990-12-18,id_55,1,0,0,0
hoskins,1990-12-18,id_24,1,0,0,0
seger,1990-12-18,id_54,1,0,0,0
kelley,1991-02-06,id_28,1,0,0,0
angell,1991-02-06,id_0,1,0,0,0
laware,1991-02-06,id_31,1,0,0,0
greenspan,1991-02-06,id_18,1,0,0,0
corrigan,1991-02-06,id_8,1,0,0,0
keehn,1991-02-06,id_27,1,0,0,0
mullins,1991-02-06,id_42,1,0,0,0
seger,1991-02-06,id_54,1,0,0,0
parry,1991-02-06,id_45,1,0,0,0
forrestal,1991-02-06,id_15,1,0,0,0
black,1991-02-06,id_3,1,0,0,0
black,1991-03-26,id_3,1,0,0,0
forrestal,1991-03-26,id_15,1,0,0,0
mullins,1991-03-26,id_42,1,0,0,0
kelley,1991-03-26,id_28,1,0,0,0
angell,1991-03-26,id_0,1,0,0,0
laware,1991-03-26,id_31,1,0,0,0
parry,1991-03-26,id_45,1,0,0,0
keehn,1991-03-26,id_27,1,0,0,0
greenspan,1991-03-26,id_18,1,0,0,0
corrigan,1991-03-26,id_8,1,0,0,0
mullins,1991-05-14,id_42,1,0,0,0
black,1991-05-14,id_3,1,0,0,0
greenspan,1991-05-14,id_18,1,0,0,0
kelley,1991-05-14,id_28,1,0,0,0
keehn,1991-05-14,id_27,1,0,0,0
forrestal,1991-05-14,id_15,1,0,0,0
laware,1991-05-14,id_31,1,0,0,0
corrigan,1991-05-14,id_8,1,0,0,0
parry,1991-05-14,id_45,1,0,0,0
angell,1991-05-14,id_0,1,0,0,0
keehn,1991-07-03,id_27,1,0,0,0
parry,1991-07-03,id_45,1,0,0,0
forrestal,1991-07-03,id_15,1,0,0,0
black,1991-07-03,id_3,1,0,0,0
mullins,1991-07-03,id_42,1,0,0,0
angell,1991-07-03,id_0,1,0,0,0
laware,1991-07-03,id_31,1,0,0,0
greenspan,1991-07-03,id_18,1,0,0,0
corrigan,1991-07-03,id_8,1,0,0,0
kelley,1991-07-03,id_28,1,0,0,0
greenspan,1991-08-20,id_18,1,0,0,0
kelley,1991-08-20,id_28,1,0,0,0
parry,1991-08-20,id_45,1,0,0,0
keehn,1991-08-20,id_27,1,0,0,0
angell,1991-08-20,id_0,1,0,0,0
laware,1991-08-20,id_31,1,0,0,0
forrestal,1991-08-20,id_15,1,0,0,0
mullins,1991-08-20,id_42,1,0,0,0
corrigan,1991-08-20,id_8,1,0,0,0
black,1991-08-20,id_3,1,0,0,0
greenspan,1991-10-01,id_18,1,0,0,0
kelley,1991-10-01,id_28,1,0,0,0
forrestal,1991-10-01,id_15,1,0,0,0
angell,1991-10-01,id_0,1,0,0,0
parry,1991-10-01,id_45,1,0,0,0
corrigan,1991-10-01,id_8,1,0,0,0
keehn,1991-10-01,id_27,1,0,0,0
laware,1991-10-01,id_31,1,0,0,0
mullins,1991-10-01,id_42,1,0,0,0
black,1991-10-01,id_3,1,0,0,0
corrigan,1991-11-05,id_8,1,0,0,0
keehn,1991-11-05,id_27,1,0,0,0
black,1991-11-05,id_3,1,0,0,0
parry,1991-11-05,id_45,1,0,0,0
laware,1991-11-05,id_31,1,0,0,0
kelley,1991-11-05,id_28,1,0,1,0
angell,1991-11-05,id_0,1,0,1,0
greenspan,1991-11-05,id_18,1,0,0,0
mullins,1991-11-05,id_42,1,0,0,0
forrestal,1991-11-05,id_15,1,0,0,0
corrigan,1991-12-17,id_8,1,0,0,0
laware,1991-12-17,id_31,1,1,0,0
parry,1991-12-17,id_45,1,0,0,0
angell,1991-12-17,id_0,1,0,0,0
kelley,1991-12-17,id_28,1,0,0,0
greenspan,1991-12-17,id_18,1,0,0,0
mullins,1991-12-17,id_42,1,0,0,0
phillips,1991-12-17,id_46,1,0,0,0
forrestal,1991-12-17,id_15,1,0,0,0
lindsey,1991-12-17,id_33,1,0,0,0
keehn,1991-12-17,id_27,1,0,0,0
black,1991-12-17,id_3,1,0,0,0
hendricks,1992-02-05,id_22,1,0,0,0
greenspan,1992-02-05,id_18,1,0,0,0
melzer,1992-02-05,id_37,1,0,0,0
mullins,1992-02-05,id_42,1,0,0,0
kelley,1992-02-05,id_28,1,0,0,0
hoenig,1992-02-05,id_23,1,0,0,0
laware,1992-02-05,id_31,1,0,0,0
syron,1992-02-05,id_56,1,0,0,0
lindsey,1992-02-05,id_33,1,0,0,0
angell,1992-02-05,id_0,1,0,0,0
corrigan,1992-02-05,id_8,1,0,0,0
phillips,1992-02-05,id_46,1,0,0,0
lindsey,1992-03-31,id_33,1,0,0,0
corrigan,1992-03-31,id_8,1,0,0,0
greenspan,1992-03-31,id_18,1,0,0,0
angell,1992-03-31,id_0,1,0,0,0
melzer,1992-03-31,id_37,1,0,0,0
hoenig,1992-03-31,id_23,1,0,0,0
kelley,1992-03-31,id_28,1,0,0,0
mullins,1992-03-31,id_42,1,0,0,0
jordan,1992-03-31,id_26,1,0,0,0
syron,1992-03-31,id_56,1,0,0,0
laware,1992-03-31,id_31,1,0,0,0
phillips,1992-03-31,id_46,1,0,0,0
angell,1992-05-19,id_0,1,0,0,0
phillips,1992-05-19,id_46,1,0,0,0
kelley,1992-05-19,id_28,1,0,0,0
corrigan,1992-05-19,id_8,1,0,0,0
syron,1992-05-19,id_56,1,0,0,0
greenspan,1992-05-19,id_18,1,0,0,0
hoenig,1992-05-19,id_23,1,0,0,0
laware,1992-05-19,id_31,1,0,0,0
mullins,1992-05-19,id_42,1,0,0,0
lindsey,1992-05-19,id_33,1,0,0,0
jordan,1992-05-19,id_26,1,0,0,0
melzer,1992-05-19,id_37,1,0,0,0
mullins,1992-07-01,id_42,1,0,0,0
lindsey,1992-07-01,id_33,1,0,0,0
angell,1992-07-01,id_0,1,0,0,0
hoenig,1992-07-01,id_23,1,0,0,0
phillips,1992-07-01,id_46,1,0,0,0
corrigan,1992-07-01,id_8,1,0,0,0
jordan,1992-07-01,id_26,1,0,0,0
syron,1992-07-01,id_56,1,0,0,0
melzer,1992-07-01,id_37,1,1,0,0
greenspan,1992-07-01,id_18,1,0,0,0
laware,1992-07-01,id_31,1,1,0,0
kelley,1992-07-01,id_28,1,0,0,0
melzer,1992-08-18,id_37,1,1,0,0
syron,1992-08-18,id_56,1,0,0,0
lindsey,1992-08-18,id_33,1,0,0,0
phillips,1992-08-18,id_46,1,0,0,0
hoenig,1992-08-18,id_23,1,0,0,0
corrigan,1992-08-18,id_8,1,0,0,0
jordan,1992-08-18,id_26,1,0,0,0
angell,1992-08-18,id_0,1,0,0,0
kelley,1992-08-18,id_28,1,0,0,0
mullins,1992-08-18,id_42,1,0,0,0
greenspan,1992-08-18,id_18,1,0,0,0
laware,1992-08-18,id_31,1,1,0,0
greenspan,1992-10-06,id_18,1,0,0,0
laware,1992-10-06,id_31,1,1,0,0
corrigan,1992-10-06,id_8,1,0,0,0
mullins,1992-10-06,id_42,1,0,0,0
melzer,1992-10-06,id_37,1,1,0,0
syron,1992-10-06,id_56,1,0,0,0
angell,1992-10-06,id_0,1,0,0,0
jordan,1992-10-06,id_26,1,0,0,1
phillips,1992-10-06,id_46,1,0,0,0
hoenig,1992-10-06,id_23,1,0,0,0
kelley,1992-10-06,id_28,1,0,0,0
lindsey,1992-10-06,id_33,1,0,0,1
mullins,1992-11-17,id_42,1,0,0,0
lindsey,1992-11-17,id_33,1,0,0,0
jordan,1992-11-17,id_26,1,0,0,1
syron,1992-11-17,id_56,1,0,0,0
greenspan,1992-11-17,id_18,1,0,0,0
hoenig,1992-11-17,id_23,1,0,0,0
melzer,1992-11-17,id_37,1,1,0,0
kelley,1992-11-17,id_28,1,0,0,0
angell,1992-11-17,id_0,1,0,0,0
phillips,1992-11-17,id_46,1,0,0,0
corrigan,1992-11-17,id_8,1,0,0,0
laware,1992-11-17,id_31,1,1,0,0
jordan,1992-12-22,id_26,1,0,0,0
hoenig,1992-12-22,id_23,1,0,0,0
phillips,1992-12-22,id_46,1,0,0,0
laware,1992-12-22,id_31,1,0,0,0
corrigan,1992-12-22,id_8,1,0,0,0
angell,1992-12-22,id_0,1,0,0,0
kelley,1992-12-22,id_28,1,0,0,0
melzer,1992-12-22,id_37,1,0,0,0
lindsey,1992-12-22,id_33,1,0,0,0
mullins,1992-12-22,id_42,1,0,0,0
syron,1992-12-22,id_56,1,0,0,0
greenspan,1992-12-22,id_18,1,0,0,0
angell,1993-02-03,id_0,1,0,0,0
kelley,1993-02-03,id_28,1,0,0,0
boehne,1993-02-03,id_5,1,0,0,0
laware,1993-02-03,id_31,1,0,0,0
greenspan,1993-02-03,id_18,1,0,0,0
mullins,1993-02-03,id_42,1,0,0,0
keehn,1993-02-03,id_27,1,0,0,0
lindsey,1993-02-03,id_33,1,0,0,0
mcteer,1993-02-03,id_36,1,0,0,0
phillips,1993-02-03,id_46,1,0,0,0
corrigan,1993-02-03,id_8,1,0,0,0
stern,1993-02-03,id_55,1,0,0,0
laware,1993-03-23,id_31,1,0,0,0
corrigan,1993-03-23,id_8,1,0,0,0
mullins,1993-03-23,id_42,1,0,0,0
boehne,1993-03-23,id_5,1,0,0,0
phillips,1993-03-23,id_46,1,0,0,0
lindsey,1993-03-23,id_33,1,0,1,0
mcteer,1993-03-23,id_36,1,0,0,0
angell,1993-03-23,id_0,1,0,1,0
greenspan,1993-03-23,id_18,1,0,0,0
keehn,1993-03-23,id_27,1,0,0,0
stern,1993-03-23,id_55,1,0,0,0
kelley,1993-03-23,id_28,1,0,0,0
stern,1993-05-18,id_55,1,0,0,0
mcteer,1993-05-18,id_36,1,0,0,0
corrigan,1993-05-18,id_8,1,0,0,0
keehn,1993-05-18,id_27,1,0,0,0
angell,1993-05-18,id_0,1,0,1,0
lindsey,1993-05-18,id_33,1,0,0,0
kelley,1993-05-18,id_28,1,0,0,0
boehne,1993-05-18,id_5,1,1,0,0
greenspan,1993-05-18,id_18,1,0,0,0
phillips,1993-05-18,id_46,1,0,0,0
laware,1993-05-18,id_31,1,0,0,0
mullins,1993-05-18,id_42,1,0,0,0
kelley,1993-07-07,id_28,1,0,0,0
oltman,1993-07-07,id_44,1,0,0,0
mullins,1993-07-07,id_42,1,0,0,0
stern,1993-07-07,id_55,1,0,0,0
angell,1993-07-07,id_0,1,0,1,0
boehne,1993-07-07,id_5,1,0,0,0
greenspan,1993-07-07,id_18,1,0,0,0
laware,1993-07-07,id_31,1,0,0,0
keehn,1993-07-07,id_27,1,0,0,0
lindsey,1993-07-07,id_33,1,0,0,0
mcteer,1993-07-07,id_36,1,0,0,0
phillips,1993-07-07,id_46,1,0,0,0
mcteer,1993-08-17,id_36,1,0,0,0
laware,1993-08-17,id_31,1,0,0,0
phillips,1993-08-17,id_46,1,0,0,0
mullins,1993-08-17,id_42,1,0,0,0
kelley,1993-08-17,id_28,1,0,0,0
boehne,1993-08-17,id_5,1,0,0,0
angell,1993-08-17,id_0,1,0,0,0
mcdonough,1993-08-17,id_35,1,0,0,0
keehn,1993-08-17,id_27,1,0,0,0
stern,1993-08-17,id_55,1,0,0,0
lindsey,1993-08-17,id_33,1,0,0,0
greenspan,1993-08-17,id_18,1,0,0,0
angell,1993-09-21,id_0,1,0,0,0
truman,1993-09-21,id_58,1,0,0,0
boehne,1993-09-21,id_5,1,0,0,0
mcdonough,1993-09-21,id_35,1,0,0,0
greenspan,1993-09-21,id_18,1,0,0,0
white,1993-09-21,id_60,1,0,0,0
fisher,1993-09-21,id_14,1,0,0,0
kohn,1993-09-21,id_29,1,0,0,0
keehn,1993-09-21,id_27,1,0,0,0
laware,1993-09-21,id_31,1,0,0,0
kelley,1993-09-21,id_28,1,0,0,0
prell,1993-09-21,id_50,1,0,0,0
angell,1993-11-16,id_0,1,0,0,0
greenspan,1993-11-16,id_18,1,0,0,0
boehne,1993-11-16,id_5,1,0,0,0
lindsey,1993-11-16,id_33,1,0,0,0
kelley,1993-11-16,id_28,1,0,0,0
phillips,1993-11-16,id_46,1,0,0,0
laware,1993-11-16,id_31,1,0,0,0
mcdonough,1993-11-16,id_35,1,0,0,0
stern,1993-11-16,id_55,1,0,0,0
keehn,1993-11-16,id_27,1,0,0,0
mcteer,1993-11-16,id_36,1,0,0,0
mullins,1993-11-16,id_42,1,0,0,0
mullins,1993-12-21,id_42,1,0,0,0
mcdonough,1993-12-21,id_35,1,0,0,0
laware,1993-12-21,id_31,1,0,0,0
stern,1993-12-21,id_55,1,0,0,0
mcteer,1993-12-21,id_36,1,0,0,0
lindsey,1993-12-21,id_33,1,0,1,0
kelley,1993-12-21,id_28,1,0,0,0
keehn,1993-12-21,id_27,1,0,0,0
angell,1993-12-21,id_0,1,0,1,0
phillips,1993-12-21,id_46,1,0,0,0
greenspan,1993-12-21,id_18,1,0,0,0
boehne,1993-12-21,id_5,1,0,0,0
greenspan,1994-02-04,id_18,1,0,0,0
mcdonough,1994-02-04,id_35,1,0,0,0
jordan,1994-02-04,id_26,1,0,0,0
kelley,1994-02-04,id_28,1,0,0,0
phillips,1994-02-04,id_46,1,0,0,0
broaddus,1994-02-04,id_7,1,0,0,0
lindsey,1994-02-04,id_33,1,0,0,0
laware,1994-02-04,id_31,1,0,0,0
forrestal,1994-02-04,id_15,1,0,0,0
parry,1994-02-04,id_45,1,0,0,0
broaddus,1994-03-22,id_7,1,0,1,0
kelley,1994-03-22,id_28,1,0,0,0
lindsey,1994-03-22,id_33,1,0,0,0
parry,1994-03-22,id_45,1,0,0,0
phillips,1994-03-22,id_46,1,0,0,0
jordan,1994-03-22,id_26,1,0,1,0
laware,1994-03-22,id_31,1,0,0,0
forrestal,1994-03-22,id_15,1,0,0,0
greenspan,1994-03-22,id_18,1,0,0,0
mcdonough,1994-03-22,id_35,1,0,0,0
kelley,1994-05-17,id_28,1,0,0,0
greenspan,1994-05-17,id_18,1,0,0,0
parry,1994-05-17,id_45,1,0,0,0
phillips,1994-05-17,id_46,1,0,0,0
laware,1994-05-17,id_31,1,0,0,0
broaddus,1994-05-17,id_7,1,0,0,0
lindsey,1994-05-17,id_33,1,0,0,0
mcdonough,1994-05-17,id_35,1,0,0,0
forrestal,1994-05-17,id_15,1,0,0,0
jordan,1994-05-17,id_26,1,0,0,0
broaddus,1994-07-06,id_7,1,0,1,0
kelley,1994-07-06,id_28,1,0,0,0
lindsey,1994-07-06,id_33,1,0,0,0
jordan,1994-07-06,id_26,1,0,0,0
greenspan,1994-07-06,id_18,1,0,0,0
phillips,1994-07-06,id_46,1,0,0,0
laware,1994-07-06,id_31,1,0,0,0
forrestal,1994-07-06,id_15,1,0,0,0
blinder,1994-07-06,id_4,1,0,0,0
mcdonough,1994-07-06,id_35,1,0,0,0
parry,1994-07-06,id_45,1,0,0,0
greenspan,1994-08-16,id_18,1,0,0,0
kelley,1994-08-16,id_28,1,0,0,0
broaddus,1994-08-16,id_7,1,0,0,0
laware,1994-08-16,id_31,1,0,0,0
mcdonough,1994-08-16,id_35,1,0,0,0
lindsey,1994-08-16,id_33,1,0,0,0
parry,1994-08-16,id_45,1,0,0,0
forrestal,1994-08-16,id_15,1,0,0,0
phillips,1994-08-16,id_46,1,0,0,0
blinder,1994-08-16,id_4,1,0,0,0
jordan,1994-08-16,id_26,1,0,0,0
yellen,1994-08-16,id_61,1,0,0,0
forrestal,1994-09-27,id_15,1,0,0,0
yellen,1994-09-27,id_61,1,0,0,0
laware,1994-09-27,id_31,1,0,0,0
phillips,1994-09-27,id_46,1,0,0,0
kelley,1994-09-27,id_28,1,0,0,0
mcdonough,1994-09-27,id_35,1,0,0,0
broaddus,1994-09-27,id_7,1,0,1,0
blinder,1994-09-27,id_4,1,0,0,0
lindsey,1994-09-27,id_33,1,0,0,0
greenspan,1994-09-27,id_18,1,0,0,0
parry,1994-09-27,id_45,1,0,0,0
jordan,1994-09-27,id_26,1,0,0,0
phillips,1994-11-15,id_46,1,0,0,0
jordan,1994-11-15,id_26,1,0,0,0
blinder,1994-11-15,id_4,1,0,0,0
yellen,1994-11-15,id_61,1,0,0,0
parry,1994-11-15,id_45,1,0,0,0
laware,1994-11-15,id_31,1,0,0,0
mcdonough,1994-11-15,id_35,1,0,0,0
kelley,1994-11-15,id_28,1,0,0,0
broaddus,1994-11-15,id_7,1,0,0,0
forrestal,1994-11-15,id_15,1,0,0,0
greenspan,1994-11-15,id_18,1,0,0,0
lindsey,1994-11-15,id_33,1,0,0,0
forrestal,1994-12-20,id_15,1,0,0,0
parry,1994-12-20,id_45,1,0,0,0
lindsey,1994-12-20,id_33,1,0,0,0
broaddus,1994-12-20,id_7,1,0,0,0
laware,1994-12-20,id_31,1,0,1,0
kelley,1994-12-20,id_28,1,0,0,0
yellen,1994-12-20,id_61,1,0,0,0
blinder,1994-12-20,id_4,1,0,0,0
mcdonough,1994-12-20,id_35,1,0,0,0
jordan,1994-12-20,id_26,1,0,0,0
phillips,1994-12-20,id_46,1,0,0,0
greenspan,1994-12-20,id_18,1,0,0,0
minehan,1995-02-01,id_39,1,0,0,0
blinder,1995-02-01,id_4,1,0,0,0
greenspan,1995-02-01,id_18,1,0,0,0
lindsey,1995-02-01,id_33,1,0,0,0
kelley,1995-02-01,id_28,1,0,0,0
mcdonough,1995-02-01,id_35,1,0,0,0
laware,1995-02-01,id_31,1,0,0,0
yellen,1995-02-01,id_61,1,0,0,0
moskow,1995-02-01,id_41,1,0,0,0
phillips,1995-02-01,id_46,1,0,0,0
hoenig,1995-02-01,id_23,1,0,0,0
melzer,1995-02-01,id_37,1,0,0,0
blinder,1995-03-28,id_4,1,0,0,0
minehan,1995-03-28,id_39,1,0,0,0
mcdonough,1995-03-28,id_35,1,0,0,0
yellen,1995-03-28,id_61,1,0,0,0
moskow,1995-03-28,id_41,1,0,0,0
phillips,1995-03-28,id_46,1,0,0,0
melzer,1995-03-28,id_37,1,0,0,0
lindsey,1995-03-28,id_33,1,0,0,0
greenspan,1995-03-28,id_18,1,0,0,0
kelley,1995-03-28,id_28,1,0,0,0
hoenig,1995-03-28,id_23,1,0,0,0
mcdonough,1995-05-23,id_35,1,0,0,0
hoenig,1995-05-23,id_23,1,0,0,0
moskow,1995-05-23,id_41,1,0,0,0
minehan,1995-05-23,id_39,1,0,0,0
kelley,1995-05-23,id_28,1,0,0,0
lindsey,1995-05-23,id_33,1,0,0,0
phillips,1995-05-23,id_46,1,0,0,0
melzer,1995-05-23,id_37,1,0,0,0
yellen,1995-05-23,id_61,1,0,0,0
blinder,1995-05-23,id_4,1,0,0,0
greenspan,1995-05-23,id_18,1,0,0,0
greenspan,1995-07-06,id_18,1,0,0,0
yellen,1995-07-06,id_61,1,0,0,0
mcdonough,1995-07-06,id_35,1,0,0,0
lindsey,1995-07-06,id_33,1,0,0,0
minehan,1995-07-06,id_39,1,0,0,0
phillips,1995-07-06,id_46,1,0,0,0
moskow,1995-07-06,id_41,1,0,0,0
melzer,1995-07-06,id_37,1,0,0,0
kelley,1995-07-06,id_28,1,0,0,0
hoenig,1995-07-06,id_23,1,0,1,0
blinder,1995-07-06,id_4,1,0,0,0
kelley,1995-08-22,id_28,1,0,0,0
minehan,1995-08-22,id_39,1,0,0,0
blinder,1995-08-22,id_4,1,0,0,0
phillips,1995-08-22,id_46,1,0,0,0
greenspan,1995-08-22,id_18,1,0,0,0
hoenig,1995-08-22,id_23,1,0,0,0
melzer,1995-08-22,id_37,1,0,0,0
lindsey,1995-08-22,id_33,1,0,0,0
moskow,1995-08-22,id_41,1,0,0,0
mcdonough,1995-08-22,id_35,1,0,0,0
yellen,1995-08-22,id_61,1,0,0,0
kelley,1995-09-26,id_28,1,0,0,0
moskow,1995-09-26,id_41,1,0,0,0
melzer,1995-09-26,id_37,1,0,0,0
lindsey,1995-09-26,id_33,1,0,0,0
phillips,1995-09-26,id_46,1,0,0,0
hoenig,1995-09-26,id_23,1,0,0,0
blinder,1995-09-26,id_4,1,0,0,0
yellen,1995-09-26,id_61,1,0,0,0
mcdonough,1995-09-26,id_35,1,0,0,0
minehan,1995-09-26,id_39,1,0,0,0
greenspan,1995-09-26,id_18,1,0,0,0
hoenig,1995-11-15,id_23,1,0,0,0
blinder,1995-11-15,id_4,1,0,0,0
lindsey,1995-11-15,id_33,1,0,0,1
melzer,1995-11-15,id_37,1,0,0,0
mcdonough,1995-11-15,id_35,1,0,0,0
greenspan,1995-11-15,id_18,1,0,0,0
phillips,1995-11-15,id_46,1,0,0,0
yellen,1995-11-15,id_61,1,0,0,0
kelley,1995-11-15,id_28,1,0,0,0
minehan,1995-11-15,id_39,1,0,0,0
moskow,1995-11-15,id_41,1,0,0,0
minehan,1995-12-19,id_39,1,0,0,0
greenspan,1995-12-19,id_18,1,0,0,0
yellen,1995-12-19,id_61,1,0,0,0
mcdonough,1995-12-19,id_35,1,0,0,0
kelley,1995-12-19,id_28,1,0,0,0
melzer,1995-12-19,id_37,1,0,0,0
blinder,1995-12-19,id_4,1,0,0,0
hoenig,1995-12-19,id_23,1,0,0,0
phillips,1995-12-19,id_46,1,0,0,0
lindsey,1995-12-19,id_33,1,0,0,0
moskow,1995-12-19,id_41,1,0,0,0
mcteer,1996-01-31,id_36,1,0,0,0
lindsey,1996-01-31,id_33,1,0,0,0
stern,1996-01-31,id_55,1,0,0,0
kelley,1996-01-31,id_28,1,0,0,0
phillips,1996-01-31,id_46,1,0,0,0
yellen,1996-01-31,id_61,1,0,0,0
mcdonough,1996-01-31,id_35,1,0,0,0
greenspan,1996-01-31,id_18,1,0,0,0
jordan,1996-01-31,id_26,1,0,0,0
boehne,1996-01-31,id_5,1,0,0,0
jordan,1996-03-26,id_26,1,0,0,0
boehne,1996-03-26,id_5,1,0,0,0
kelley,1996-03-26,id_28,1,0,0,0
mcteer,1996-03-26,id_36,1,0,0,0
lindsey,1996-03-26,id_33,1,0,0,0
phillips,1996-03-26,id_46,1,0,0,0
mcdonough,1996-03-26,id_35,1,0,0,0
stern,1996-03-26,id_55,1,0,0,0
greenspan,1996-03-26,id_18,1,0,0,0
yellen,1996-03-26,id_61,1,0,0,0
greenspan,1996-05-21,id_18,1,0,0,0
mcteer,1996-05-21,id_36,1,0,0,0
jordan,1996-05-21,id_26,1,0,0,0
yellen,1996-05-21,id_61,1,0,0,0
kelley,1996-05-21,id_28,1,0,0,0
boehne,1996-05-21,id_5,1,0,0,0
mcdonough,1996-05-21,id_35,1,0,0,0
stern,1996-05-21,id_55,1,0,0,0
phillips,1996-05-21,id_46,1,0,0,0
lindsey,1996-05-21,id_33,1,0,0,0
jordan,1996-07-03,id_26,1,0,0,0
mcdonough,1996-07-03,id_35,1,0,0,0
rivlin,1996-07-03,id_51,1,0,0,0
meyer,1996-07-03,id_38,1,0,0,0
kelley,1996-07-03,id_28,1,0,0,0
greenspan,1996-07-03,id_18,1,0,0,0
phillips,1996-07-03,id_46,1,0,0,0
stern,1996-07-03,id_55,1,0,1,0
boehne,1996-07-03,id_5,1,0,0,0
mcteer,1996-07-03,id_36,1,0,0,0
lindsey,1996-07-03,id_33,1,0,0,0
yellen,1996-07-03,id_61,1,0,0,0
boehne,1996-08-20,id_5,1,0,0,0
lindsey,1996-08-20,id_33,1,0,0,0
greenspan,1996-08-20,id_18,1,0,0,0
mcdonough,1996-08-20,id_35,1,0,0,0
kelley,1996-08-20,id_28,1,0,0,0
jordan,1996-08-20,id_26,1,0,0,0
mcteer,1996-08-20,id_36,1,0,0,0
minehan,1996-08-20,id_39,1,0,0,0
phillips,1996-08-20,id_46,1,0,0,0
yellen,1996-08-20,id_61,1,0,0,0
rivlin,1996-08-20,id_51,1,0,0,0
stern,1996-08-20,id_55,1,0,1,0
stern,1996-09-24,id_55,1,0,1,0
rivlin,1996-09-24,id_51,1,0,0,0
phillips,1996-09-24,id_46,1,0,0,0
kelley,1996-09-24,id_28,1,0,0,0
lindsey,1996-09-24,id_33,1,0,0,0
minehan,1996-09-24,id_39,1,0,0,0
yellen,1996-09-24,id_61,1,0,0,0
jordan,1996-09-24,id_26,1,0,0,0
mcteer,1996-09-24,id_36,1,0,0,0
mcdonough,1996-09-24,id_35,1,0,0,0
boehne,1996-09-24,id_5,1,0,0,0
greenspan,1996-09-24,id_18,1,0,0,0
lindsey,1996-11-13,id_33,1,0,0,0
kelley,1996-11-13,id_28,1,0,0,0
mcdonough,1996-11-13,id_35,1,0,0,0
jordan,1996-11-13,id_26,1,0,0,0
meyer,1996-11-13,id_38,1,0,0,0
yellen,1996-11-13,id_61,1,0,0,0
boehne,1996-11-13,id_5,1,0,0,0
greenspan,1996-11-13,id_18,1,0,0,0
mcteer,1996-11-13,id_36,1,0,0,0
stern,1996-11-13,id_55,1,0,0,0
phillips,1996-11-13,id_46,1,0,0,0
rivlin,1996-11-13,id_51,1,0,0,0
greenspan,1996-12-17,id_18,1,0,0,0
stern,1996-12-17,id_55,1,0,0,0
jordan,1996-12-17,id_26,1,0,0,0
meyer,1996-12-17,id_38,1,0,0,0
mcdonough,1996-12-17,id_35,1,0,0,0
lindsey,1996-12-17,id_33,1,0,0,0
mcteer,1996-12-17,id_36,1,0,0,0
yellen,1996-12-17,id_61,1,0,0,0
boehne,1996-12-17,id_5,1,0,0,0
rivlin,1996-12-17,id_51,1,0,0,0
kelley,1996-12-17,id_28,1,0,0,0
phillips,1996-12-17,id_46,1,0,0,0
mcdonough,1997-02-05,id_35,1,0,0,0
meyer,1997-02-05,id_38,1,0,0,0
broaddus,1997-02-05,id_7,1,0,0,0
parry,1997-02-05,id_45,1,0,0,0
rivlin,1997-02-05,id_51,1,0,0,0
kelley,1997-02-05,id_28,1,0,0,0
phillips,1997-02-05,id_46,1,0,0,0
greenspan,1997-02-05,id_18,1,0,0,0
guynn,1997-02-05,id_20,1,0,0,0
moskow,1997-02-05,id_41,1,0,0,0
moskow,1997-03-25,id_41,1,0,0,0
phillips,1997-03-25,id_46,1,0,0,0
rivlin,1997-03-25,id_51,1,0,0,0
broaddus,1997-03-25,id_7,1,0,0,0
guynn,1997-03-25,id_20,1,0,0,0
kelley,1997-03-25,id_28,1,0,0,0
parry,1997-03-25,id_45,1,0,0,0
greenspan,1997-03-25,id_18,1,0,0,0
mcdonough,1997-03-25,id_35,1,0,0,0
meyer,1997-03-25,id_38,1,0,0,0
phillips,1997-05-20,id_46,1,0,0,0
rivlin,1997-05-20,id_51,1,0,0,0
parry,1997-05-20,id_45,1,0,0,0
mcdonough,1997-05-20,id_35,1,0,0,0
moskow,1997-05-20,id_41,1,0,0,0
guynn,1997-05-20,id_20,1,0,0,0
broaddus,1997-05-20,id_7,1,0,1,0
greenspan,1997-05-20,id_18,1,0,0,0
kelley,1997-05-20,id_28,1,0,0,0
meyer,1997-05-20,id_38,1,0,0,0
greenspan,1997-07-02,id_18,1,0,0,0
moskow,1997-07-02,id_41,1,0,0,0
kelley,1997-07-02,id_28,1,0,0,0
meyer,1997-07-02,id_38,1,0,0,0
mcdonough,1997-07-02,id_35,1,0,0,0
guynn,1997-07-02,id_20,1,0,0,0
phillips,1997-07-02,id_46,1,0,0,0
rivlin,1997-07-02,id_51,1,0,0,0
broaddus,1997-07-02,id_7,1,0,0,0
parry,1997-07-02,id_45,1,0,0,0
greenspan,1997-08-19,id_18,1,0,0,0
parry,1997-08-19,id_45,1,0,0,0
mcdonough,1997-08-19,id_35,1,0,0,0
kelley,1997-08-19,id_28,1,0,0,0
rivlin,1997-08-19,id_51,1,0,0,0
phillips,1997-08-19,id_46,1,0,0,0
broaddus,1997-08-19,id_7,1,0,0,0
guynn,1997-08-19,id_20,1,0,0,0
meyer,1997-08-19,id_38,1,0,0,0
moskow,1997-08-19,id_41,1,0,0,0
rivlin,1997-09-30,id_51,1,0,0,0
greenspan,1997-09-30,id_18,1,0,0,0
phillips,1997-09-30,id_46,1,0,0,0
moskow,1997-09-30,id_41,1,0,0,0
meyer,1997-09-30,id_38,1,0,0,0
broaddus,1997-09-30,id_7,1,0,0,0
mcdonough,1997-09-30,id_35,1,0,0,0
parry,1997-09-30,id_45,1,0,0,0
kelley,1997-09-30,id_28,1,0,0,0
guynn,1997-09-30,id_20,1,0,0,0
meyer,1997-11-12,id_38,1,0,0,0
phillips,1997-11-12,id_46,1,0,0,0
guynn,1997-11-12,id_20,1,0,0,0
broaddus,1997-11-12,id_7,1,0,1,0
moskow,1997-11-12,id_41,1,0,0,0
ferguson,1997-11-12,id_13,1,0,0,0
parry,1997-11-12,id_45,1,0,0,0
mcdonough,1997-11-12,id_35,1,0,0,0
rivlin,1997-11-12,id_51,1,0,0,0
greenspan,1997-11-12,id_18,1,0,0,0
gramlich,1997-11-12,id_17,1,0,0,0
kelley,1997-11-12,id_28,1,0,0,0
broaddus,1997-12-16,id_7,1,0,1,0
rivlin,1997-12-16,id_51,1,0,0,0
gramlich,1997-12-16,id_17,1,0,0,0
phillips,1997-12-16,id_46,1,0,0,0
mcdonough,1997-12-16,id_35,1,0,0,0
greenspan,1997-12-16,id_18,1,0,0,0
parry,1997-12-16,id_45,1,0,0,0
moskow,1997-12-16,id_41,1,0,0,0
guynn,1997-12-16,id_20,1,0,0,0
kelley,1997-12-16,id_28,1,0,0,0
ferguson,1997-12-16,id_13,1,0,0,0
meyer,1997-12-16,id_38,1,0,0,0
kelley,1998-02-04,id_28,1,0,0,0
phillips,1998-02-04,id_46,1,0,0,0
kohn,1998-02-04,id_29,1,0,0,0
jordan,1998-02-04,id_26,1,0,0,0
hoenig,1998-02-04,id_23,1,0,0,0
meyer,1998-02-04,id_38,1,0,0,0
mcdonough,1998-02-04,id_35,1,0,0,0
ferguson,1998-02-04,id_13,1,0,0,0
rivlin,1998-02-04,id_51,1,0,0,0
gramlich,1998-02-04,id_17,1,0,0,0
greenspan,1998-02-04,id_18,1,0,0,0
minehan,1998-02-04,id_39,1,0,0,0
meyer,1998-03-31,id_38,1,0,0,0
mcdonough,1998-03-31,id_35,1,0,0,0
poole,1998-03-31,id_49,1,0,0,0
greenspan,1998-03-31,id_18,1,0,0,0
gramlich,1998-03-31,id_17,1,0,0,0
minehan,1998-03-31,id_39,1,0,0,0
phillips,1998-03-31,id_46,1,0,0,0
rivlin,1998-03-31,id_51,1,0,0,0
ferguson,1998-03-31,id_13,1,0,0,0
hoenig,1998-03-31,id_23,1,0,0,0
kelley,1998-03-31,id_28,1,0,0,0
jordan,1998-03-31,id_26,1,0,1,0
phillips,1998-05-19,id_46,1,0,0,0
mcdonough,1998-05-19,id_35,1,0,0,0
minehan,1998-05-19,id_39,1,0,0,0
meyer,1998-05-19,id_38,1,0,0,0
jordan,1998-05-19,id_26,1,0,1,0
kelley,1998-05-19,id_28,1,0,0,0
rivlin,1998-05-19,id_51,1,0,0,0
ferguson,1998-05-19,id_13,1,0,0,0
poole,1998-05-19,id_49,1,0,1,0
greenspan,1998-05-19,id_18,1,0,0,0
gramlich,1998-05-19,id_17,1,0,0,0
hoenig,1998-05-19,id_23,1,0,0,0
rivlin,1998-07-01,id_51,1,0,0,0
greenspan,1998-07-01,id_18,1,0,0,0
kelley,1998-07-01,id_28,1,0,0,0
meyer,1998-07-01,id_38,1,0,0,0
jordan,1998-07-01,id_26,1,0,1,0
gramlich,1998-07-01,id_17,1,0,0,0
mcdonough,1998-07-01,id_35,1,0,0,0
poole,1998-07-01,id_49,1,0,0,0
ferguson,1998-07-01,id_13,1,0,0,0
minehan,1998-07-01,id_39,1,0,0,0
hoenig,1998-07-01,id_23,1,0,0,0
greenspan,1998-08-18,id_18,1,0,0,0
minehan,1998-08-18,id_39,1,0,0,0
ferguson,1998-08-18,id_13,1,0,0,0
meyer,1998-08-18,id_38,1,0,0,0
poole,1998-08-18,id_49,1,0,0,0
gramlich,1998-08-18,id_17,1,0,0,0
jordan,1998-08-18,id_26,1,0,1,0
rivlin,1998-08-18,id_51,1,0,0,0
kelley,1998-08-18,id_28,1,0,0,0
hoenig,1998-08-18,id_23,1,0,0,0
mcdonough,1998-08-18,id_35,1,0,0,0
mcdonough,1998-09-29,id_35,1,0,0,0
jordan,1998-09-29,id_26,1,0,0,0
minehan,1998-09-29,id_39,1,0,0,0
poole,1998-09-29,id_49,1,0,0,0
hoenig,1998-09-29,id_23,1,0,0,0
greenspan,1998-09-29,id_18,1,0,0,0
gramlich,1998-09-29,id_17,1,0,0,0
meyer,1998-09-29,id_38,1,0,0,0
ferguson,1998-09-29,id_13,1,0,0,0
kelley,1998-09-29,id_28,1,0,0,0
rivlin,1998-09-29,id_51,1,0,0,0
meyer,1998-11-17,id_38,1,0,0,0
gramlich,1998-11-17,id_17,1,0,0,0
greenspan,1998-11-17,id_18,1,0,0,0
ferguson,1998-11-17,id_13,1,0,0,0
hoenig,1998-11-17,id_23,1,0,0,0
poole,1998-11-17,id_49,1,0,0,0
jordan,1998-11-17,id_26,1,0,1,0
kelley,1998-11-17,id_28,1,0,0,0
mcdonough,1998-11-17,id_35,1,0,0,0
minehan,1998-11-17,id_39,1,0,0,0
rivlin,1998-11-17,id_51,1,0,0,0
jordan,1998-12-22,id_26,1,0,0,0
poole,1998-12-22,id_49,1,0,0,0
mcdonough,1998-12-22,id_35,1,0,0,0
hoenig,1998-12-22,id_23,1,0,0,0
kelley,1998-12-22,id_28,1,0,0,0
ferguson,1998-12-22,id_13,1,0,0,0
rivlin,1998-12-22,id_51,1,0,0,0
minehan,1998-12-22,id_39,1,0,0,0
gramlich,1998-12-22,id_17,1,0,0,0
meyer,1998-12-22,id_38,1,0,0,0
greenspan,1998-12-22,id_18,1,0,0,0
stern,1999-02-03,id_55,1,0,0,0
mcdonough,1999-02-03,id_35,1,0,0,0
greenspan,1999-02-03,id_18,1,0,0,0
meyer,1999-02-03,id_38,1,0,0,0
moskow,1999-02-03,id_41,1,0,0,0
gramlich,1999-02-03,id_17,1,0,0,0
ferguson,1999-02-03,id_13,1,0,0,0
boehne,1999-02-03,id_5,1,0,0,0
kelley,1999-02-03,id_28,1,0,0,0
rivlin,1999-02-03,id_51,1,0,0,0
mcteer,1999-02-03,id_36,1,0,0,0
kelley,1999-03-30,id_28,1,0,0,0
rivlin,1999-03-30,id_51,1,0,0,0
mcteer,1999-03-30,id_36,1,0,0,0
gramlich,1999-03-30,id_17,1,0,0,0
mcdonough,1999-03-30,id_35,1,0,0,0
moskow,1999-03-30,id_41,1,0,0,0
meyer,1999-03-30,id_38,1,0,0,0
boehne,1999-03-30,id_5,1,0,0,0
stern,1999-03-30,id_55,1,0,0,0
greenspan,1999-03-30,id_18,1,0,0,0
ferguson,1999-03-30,id_13,1,0,0,0
mcdonough,1999-05-18,id_35,1,0,0,0
rivlin,1999-05-18,id_51,1,0,0,0
greenspan,1999-05-18,id_18,1,0,0,0
stern,1999-05-18,id_55,1,0,0,0
gramlich,1999-05-18,id_17,1,0,0,0
mcteer,1999-05-18,id_36,1,0,0,0
boehne,1999-05-18,id_5,1,0,0,0
ferguson,1999-05-18,id_13,1,0,0,0
meyer,1999-05-18,id_38,1,0,0,0
kelley,1999-05-18,id_28,1,0,0,0
moskow,1999-05-18,id_41,1,0,0,0
stern,1999-06-30,id_55,1,0,0,0
moskow,1999-06-30,id_41,1,0,0,0
gramlich,1999-06-30,id_17,1,0,0,0
mcteer,1999-06-30,id_36,1,0,0,1
kelley,1999-06-30,id_28,1,0,0,0
boehne,1999-06-30,id_5,1,0,0,0
ferguson,1999-06-30,id_13,1,0,0,0
greenspan,1999-06-30,id_18,1,0,0,0
mcdonough,1999-06-30,id_35,1,0,0,0
meyer,1999-06-30,id_38,1,0,0,0
ferguson,1999-08-24,id_13,1,0,0,0
kelley,1999-08-24,id_28,1,0,0,0
meyer,1999-08-24,id_38,1,0,0,0
greenspan,1999-08-24,id_18,1,0,0,0
mcdonough,1999-08-24,id_35,1,0,0,0
boehne,1999-08-24,id_5,1,0,0,0
stern,1999-08-24,id_55,1,0,0,0
gramlich,1999-08-24,id_17,1,0,0,0
moskow,1999-08-24,id_41,1,0,0,0
mcteer,1999-08-24,id_36,1,0,0,1
kelley,1999-10-05,id_28,1,0,0,0
moskow,1999-10-05,id_41,1,0,0,0
stern,1999-10-05,id_55,1,0,0,0
gramlich,1999-10-05,id_17,1,0,0,0
mcdonough,1999-10-05,id_35,1,0,0,0
greenspan,1999-10-05,id_18,1,0,0,0
mcteer,1999-10-05,id_36,1,0,0,0
ferguson,1999-10-05,id_13,1,0,0,0
meyer,1999-10-05,id_38,1,0,0,0
boehne,1999-10-05,id_5,1,0,0,0
kelley,1999-11-16,id_28,1,0,0,0
mcdonough,1999-11-16,id_35,1,0,0,0
mcteer,1999-11-16,id_36,1,0,0,0
boehne,1999-11-16,id_5,1,0,0,0
gramlich,1999-11-16,id_17,1,0,0,0
greenspan,1999-11-16,id_18,1,0,0,0
stern,1999-11-16,id_55,1,0,0,0
ferguson,1999-11-16,id_13,1,0,0,0
meyer,1999-11-16,id_38,1,0,0,0
moskow,1999-11-16,id_41,1,0,0,0
kelley,1999-12-21,id_28,1,0,0,0
greenspan,1999-12-21,id_18,1,0,0,0
moskow,1999-12-21,id_41,1,0,0,0
mcteer,1999-12-21,id_36,1,0,0,0
gramlich,1999-12-21,id_17,1,0,0,0
ferguson,1999-12-21,id_13,1,0,0,0
boehne,1999-12-21,id_5,1,0,0,0
stern,1999-12-21,id_55,1,0,0,0
mcdonough,1999-12-21,id_35,1,0,0,0
meyer,1999-12-21,id_38,1,0,0,0
kelley,2000-02-02,id_28,1,0,0,0
guynn,2000-02-02,id_20,1,0,0,0
mcdonough,2000-02-02,id_35,1,0,0,0
broaddus,2000-02-02,id_7,1,0,0,0
greenspan,2000-02-02,id_18,1,0,0,0
jordan,2000-02-02,id_26,1,0,0,0
parry,2000-02-02,id_45,1,0,0,0
meyer,2000-02-02,id_38,1,0,0,0
gramlich,2000-02-02,id_17,1,0,0,0
ferguson,2000-02-02,id_13,1,0,0,0
greenspan,2000-03-21,id_18,1,0,0,0
jordan,2000-03-21,id_26,1,0,0,0
mcdonough,2000-03-21,id_35,1,0,0,0
broaddus,2000-03-21,id_7,1,0,0,0
kelley,2000-03-21,id_28,1,0,0,0
ferguson,2000-03-21,id_13,1,0,0,0
meyer,2000-03-21,id_38,1,0,0,0
parry,2000-03-21,id_45,1,0,0,0
guynn,2000-03-21,id_20,1,0,0,0
gramlich,2000-03-21,id_17,1,0,0,0
meyer,2000-05-16,id_38,1,0,0,0
parry,2000-05-16,id_45,1,0,0,0
broaddus,2000-05-16,id_7,1,0,0,0
gramlich,2000-05-16,id_17,1,0,0,0
kelley,2000-05-16,id_28,1,0,0,0
ferguson,2000-05-16,id_13,1,0,0,0
guynn,2000-05-16,id_20,1,0,0,0
mcdonough,2000-05-16,id_35,1,0,0,0
greenspan,2000-05-16,id_18,1,0,0,0
jordan,2000-05-16,id_26,1,0,0,0
mcdonough,2000-06-28,id_35,1,0,0,0
guynn,2000-06-28,id_20,1,0,0,0
broaddus,2000-06-28,id_7,1,0,0,0
gramlich,2000-06-28,id_17,1,0,0,0
kelley,2000-06-28,id_28,1,0,0,0
ferguson,2000-06-28,id_13,1,0,0,0
meyer,2000-06-28,id_38,1,0,0,0
jordan,2000-06-28,id_26,1,0,0,0
parry,2000-06-28,id_45,1,0,0,0
greenspan,2000-06-28,id_18,1,0,0,0
ferguson,2000-08-22,id_13,1,0,0,0
guynn,2000-08-22,id_20,1,0,0,0
gramlich,2000-08-22,id_17,1,0,0,0
broaddus,2000-08-22,id_7,1,0,0,0
greenspan,2000-08-22,id_18,1,0,0,0
meyer,2000-08-22,id_38,1,0,0,0
mcdonough,2000-08-22,id_35,1,0,0,0
kelley,2000-08-22,id_28,1,0,0,0
jordan,2000-08-22,id_26,1,0,0,0
parry,2000-08-22,id_45,1,0,0,0
greenspan,2000-10-03,id_18,1,0,0,0
guynn,2000-10-03,id_20,1,0,0,0
mcdonough,2000-10-03,id_35,1,0,0,0
meyer,2000-10-03,id_38,1,0,0,0
gramlich,2000-10-03,id_17,1,0,0,0
ferguson,2000-10-03,id_13,1,0,0,0
jordan,2000-10-03,id_26,1,0,0,0
parry,2000-10-03,id_45,1,0,0,0
broaddus,2000-10-03,id_7,1,0,0,0
kelley,2000-10-03,id_28,1,0,0,0
mcdonough,2000-11-15,id_35,1,0,0,0
ferguson,2000-11-15,id_13,1,0,0,0
greenspan,2000-11-15,id_18,1,0,0,0
broaddus,2000-11-15,id_7,1,0,0,0
meyer,2000-11-15,id_38,1,0,0,0
gramlich,2000-11-15,id_17,1,0,0,0
hoenig,2000-11-15,id_23,1,0,0,0
parry,2000-11-15,id_45,1,0,0,0
kelley,2000-11-15,id_28,1,0,0,0
guynn,2000-11-15,id_20,1,0,0,0
kelley,2000-12-19,id_28,1,0,0,0
gramlich,2000-12-19,id_17,1,0,0,0
broaddus,2000-12-19,id_7,1,0,0,0
guynn,2000-12-19,id_20,1,0,0,0
ferguson,2000-12-19,id_13,1,0,0,0
mcdonough,2000-12-19,id_35,1,0,0,0
greenspan,2000-12-19,id_18,1,0,0,0
jordan,2000-12-19,id_26,1,0,0,0
meyer,2000-12-19,id_38,1,0,0,0
parry,2000-12-19,id_45,1,0,0,0
greenspan,2001-01-03,id_18,1,0,0,0
kelley,2001-01-03,id_28,1,0,0,0
ferguson,2001-01-03,id_13,1,0,0,0
mcdonough,2001-01-03,id_35,1,0,0,0
minehan,2001-01-03,id_39,1,0,0,0
hoenig,2001-01-03,id_23,1,0,0,0
moskow,2001-01-03,id_41,1,0,0,0
gramlich,2001-01-03,id_17,1,0,0,0
meyer,2001-01-03,id_38,1,0,0,0
poole,2001-01-03,id_49,1,0,0,0
gramlich,2001-01-31,id_17,1,0,0,0
hoenig,2001-01-31,id_23,1,0,0,0
minehan,2001-01-31,id_39,1,0,0,0
poole,2001-01-31,id_49,1,0,0,0
ferguson,2001-01-31,id_13,1,0,0,0
mcdonough,2001-01-31,id_35,1,0,0,0
moskow,2001-01-31,id_41,1,0,0,0
greenspan,2001-01-31,id_18,1,0,0,0
kelley,2001-01-31,id_28,1,0,0,0
meyer,2001-01-31,id_38,1,0,0,0
kelley,2001-03-20,id_28,1,0,0,0
greenspan,2001-03-20,id_18,1,0,0,0
meyer,2001-03-20,id_38,1,0,0,0
moskow,2001-03-20,id_41,1,0,0,0
ferguson,2001-03-20,id_13,1,0,0,0
minehan,2001-03-20,id_39,1,0,0,0
gramlich,2001-03-20,id_17,1,0,0,0
poole,2001-03-20,id_49,1,0,0,0
hoenig,2001-03-20,id_23,1,0,0,0
mcdonough,2001-03-20,id_35,1,0,0,0
hoenig,2001-04-18,id_23,1,0,0,0
meyer,2001-04-18,id_38,1,0,0,0
minehan,2001-04-18,id_39,1,0,0,0
moskow,2001-04-18,id_41,1,0,0,0
gramlich,2001-04-18,id_17,1,0,0,0
ferguson,2001-04-18,id_13,1,0,0,0
mcdonough,2001-04-18,id_35,1,0,0,0
kelley,2001-04-18,id_28,1,0,0,0
poole,2001-04-18,id_49,1,0,0,0
greenspan,2001-04-18,id_18,1,0,0,0
meyer,2001-05-15,id_38,1,0,0,0
minehan,2001-05-15,id_39,1,0,0,0
gramlich,2001-05-15,id_17,1,0,0,0
poole,2001-05-15,id_49,1,0,0,0
greenspan,2001-05-15,id_18,1,0,0,0
kelley,2001-05-15,id_28,1,0,0,0
hoenig,2001-05-15,id_23,1,0,1,0
ferguson,2001-05-15,id_13,1,0,0,0
mcdonough,2001-05-15,id_35,1,0,0,0
moskow,2001-05-15,id_41,1,0,0,0
greenspan,2001-06-27,id_18,1,0,0,0
kelley,2001-06-27,id_28,1,0,0,0
mcdonough,2001-06-27,id_35,1,0,0,0
ferguson,2001-06-27,id_13,1,0,0,0
moskow,2001-06-27,id_41,1,0,0,0
meyer,2001-06-27,id_38,1,0,0,0
minehan,2001-06-27,id_39,1,0,0,0
hoenig,2001-06-27,id_23,1,0,0,0
gramlich,2001-06-27,id_17,1,0,0,0
poole,2001-06-27,id_49,1,0,1,0
ferguson,2001-08-21,id_13,1,0,0,0
mcdonough,2001-08-21,id_35,1,0,0,0
hoenig,2001-08-21,id_23,1,0,0,0
greenspan,2001-08-21,id_18,1,0,0,0
moskow,2001-08-21,id_41,1,0,0,0
meyer,2001-08-21,id_38,1,0,0,0
minehan,2001-08-21,id_39,1,0,0,0
poole,2001-08-21,id_49,1,0,0,0
gramlich,2001-08-21,id_17,1,0,0,0
kelley,2001-08-21,id_28,1,0,0,0
poole,2001-09-17,id_49,1,0,0,0
minehan,2001-09-17,id_39,1,0,0,0
hoenig,2001-09-17,id_23,1,0,0,0
moskow,2001-09-17,id_41,1,0,0,0
meyer,2001-09-17,id_38,1,0,0,0
gramlich,2001-09-17,id_17,1,0,0,0
mcdonough,2001-09-17,id_35,1,0,0,0
ferguson,2001-09-17,id_13,1,0,0,0
greenspan,2001-09-17,id_18,1,0,0,0
kelley,2001-09-17,id_28,1,0,0,0
hoenig,2001-10-02,id_23,1,0,0,0
moskow,2001-10-02,id_41,1,0,0,0
ferguson,2001-10-02,id_13,1,0,0,0
mcdonough,2001-10-02,id_35,1,0,0,0
kelley,2001-10-02,id_28,1,0,0,0
greenspan,2001-10-02,id_18,1,0,0,0
gramlich,2001-10-02,id_17,1,0,0,0
poole,2001-10-02,id_49,1,0,0,0
meyer,2001-10-02,id_38,1,0,0,0
minehan,2001-10-02,id_39,1,0,0,0
kelley,2001-11-06,id_28,1,0,0,0
mcdonough,2001-11-06,id_35,1,0,0,0
ferguson,2001-11-06,id_13,1,0,0,0
greenspan,2001-11-06,id_18,1,0,0,0
minehan,2001-11-06,id_39,1,0,0,0
moskow,2001-11-06,id_41,1,0,0,0
meyer,2001-11-06,id_38,1,0,0,0
gramlich,2001-11-06,id_17,1,0,0,0
hoenig,2001-11-06,id_23,1,0,0,0
poole,2001-11-06,id_49,1,0,0,0
minehan,2001-12-11,id_39,1,0,0,0
olson,2001-12-11,id_43,1,0,0,0
greenspan,2001-12-11,id_18,1,0,0,0
hoenig,2001-12-11,id_23,1,0,1,0
ferguson,2001-12-11,id_13,1,0,0,0
poole,2001-12-11,id_49,1,0,0,0
moskow,2001-12-11,id_41,1,0,0,0
meyer,2001-12-11,id_38,1,0,0,0
bies,2001-12-11,id_2,1,0,0,0
gramlich,2001-12-11,id_17,1,0,0,0
mcdonough,2001-12-11,id_35,1,0,0,0
gramlich,2002-01-30,id_17,1,0,0,0
bies,2002-01-30,id_2,1,0,0,0
jordan,2002-01-30,id_26,1,0,0,0
ferguson,2002-01-30,id_13,1,0,0,0
santomero,2002-01-30,id_53,1,0,0,0
olson,2002-01-30,id_43,1,0,0,0
mcdonough,2002-01-30,id_35,1,0,0,0
greenspan,2002-01-30,id_18,1,0,0,0
stern,2002-01-30,id_55,1,0,0,0
mcteer,2002-01-30,id_36,1,0,0,0
jordan,2002-03-19,id_26,1,0,0,0
stern,2002-03-19,id_55,1,0,0,0
mcteer,2002-03-19,id_36,1,0,0,0
olson,2002-03-19,id_43,1,0,0,0
gramlich,2002-03-19,id_17,1,0,0,0
greenspan,2002-03-19,id_18,1,0,0,0
bies,2002-03-19,id_2,1,0,0,0
ferguson,2002-03-19,id_13,1,0,0,0
santomero,2002-03-19,id_53,1,0,0,0
mcdonough,2002-03-19,id_35,1,0,0,0
gramlich,2002-05-07,id_17,1,0,0,0
stern,2002-05-07,id_55,1,0,0,0
bies,2002-05-07,id_2,1,0,0,0
mcteer,2002-05-07,id_36,1,0,0,0
mcdonough,2002-05-07,id_35,1,0,0,0
olson,2002-05-07,id_43,1,0,0,0
santomero,2002-05-07,id_53,1,0,0,0
ferguson,2002-05-07,id_13,1,0,0,0
greenspan,2002-05-07,id_18,1,0,0,0
jordan,2002-05-07,id_26,1,0,0,0
stern,2002-06-26,id_55,1,0,0,0
santomero,2002-06-26,id_53,1,0,0,0
olson,2002-06-26,id_43,1,0,0,0
ferguson,2002-06-26,id_13,1,0,0,0
jordan,2002-06-26,id_26,1,0,0,0
gramlich,2002-06-26,id_17,1,0,0,0
bies,2002-06-26,id_2,1,0,0,0
greenspan,2002-06-26,id_18,1,0,0,0
mcteer,2002-06-26,id_36,1,0,0,0
mcdonough,2002-06-26,id_35,1,0,0,0
greenspan,2002-08-13,id_18,1,0,0,0
santomero,2002-08-13,id_53,1,0,0,0
jordan,2002-08-13,id_26,1,0,0,0
bies,2002-08-13,id_2,1,0,0,0
mcdonough,2002-08-13,id_35,1,0,0,0
gramlich,2002-08-13,id_17,1,0,0,0
stern,2002-08-13,id_55,1,0,0,0
mcteer,2002-08-13,id_36,1,0,0,0
kohn,2002-08-13,id_29,1,0,0,0
ferguson,2002-08-13,id_13,1,0,0,0
olson,2002-08-13,id_43,1,0,0,0
bernanke,2002-08-13,id_1,1,0,0,0
olson,2002-09-24,id_43,1,0,0,0
ferguson,2002-09-24,id_13,1,0,0,0
bernanke,2002-09-24,id_1,1,0,0,0
santomero,2002-09-24,id_53,1,0,0,0
jordan,2002-09-24,id_26,1,0,0,0
kohn,2002-09-24,id_29,1,0,0,0
mcdonough,2002-09-24,id_35,1,0,0,0
stern,2002-09-24,id_55,1,0,0,0
mcteer,2002-09-24,id_36,1,0,0,1
gramlich,2002-09-24,id_17,1,0,0,1
bies,2002-09-24,id_2,1,0,0,0
greenspan,2002-09-24,id_18,1,0,0,0
olson,2002-11-06,id_43,1,0,0,0
stern,2002-11-06,id_55,1,0,0,0
bernanke,2002-11-06,id_1,1,0,0,0
ferguson,2002-11-06,id_13,1,0,0,0
mcdonough,2002-11-06,id_35,1,0,0,0
mcteer,2002-11-06,id_36,1,0,0,0
greenspan,2002-11-06,id_18,1,0,0,0
jordan,2002-11-06,id_26,1,0,0,0
bies,2002-11-06,id_2,1,0,0,0
gramlich,2002-11-06,id_17,1,0,0,0
kohn,2002-11-06,id_29,1,0,0,0
santomero,2002-11-06,id_53,1,0,0,0
greenspan,2002-12-10,id_18,1,0,0,0
jordan,2002-12-10,id_26,1,0,0,0
bies,2002-12-10,id_2,1,0,0,0
gramlich,2002-12-10,id_17,1,0,0,0
ferguson,2002-12-10,id_13,1,0,0,0
stern,2002-12-10,id_55,1,0,0,0
kohn,2002-12-10,id_29,1,0,0,0
santomero,2002-12-10,id_53,1,0,0,0
mcdonough,2002-12-10,id_35,1,0,0,0
bernanke,2002-12-10,id_1,1,0,0,0
olson,2002-12-10,id_43,1,0,0,0
mcteer,2002-12-10,id_36,1,0,0,0
bies,2003-01-29,id_2,1,0,0,0
greenspan,2003-01-29,id_18,1,0,0,0
parry,2003-01-29,id_45,1,0,0,0
broaddus,2003-01-29,id_7,1,0,0,0
bernanke,2003-01-29,id_1,1,0,0,0
olson,2003-01-29,id_43,1,0,0,0
mcdonough,2003-01-29,id_35,1,0,0,0
moskow,2003-01-29,id_41,1,0,0,0
kohn,2003-01-29,id_29,1,0,0,0
ferguson,2003-01-29,id_13,1,0,0,0
gramlich,2003-01-29,id_17,1,0,0,0
guynn,2003-01-29,id_20,1,0,0,0
bernanke,2003-03-18,id_1,1,0,0,0
greenspan,2003-03-18,id_18,1,0,0,0
gramlich,2003-03-18,id_17,1,0,0,0
moskow,2003-03-18,id_41,1,0,0,0
guynn,2003-03-18,id_20,1,0,0,0
mcdonough,2003-03-18,id_35,1,0,0,0
ferguson,2003-03-18,id_13,1,0,0,0
kohn,2003-03-18,id_29,1,0,0,0
broaddus,2003-03-18,id_7,1,0,0,0
bies,2003-03-18,id_2,1,0,0,0
parry,2003-03-18,id_45,1,0,0,0
olson,2003-03-18,id_43,1,0,0,0
greenspan,2003-05-06,id_18,1,0,0,0
mcdonough,2003-05-06,id_35,1,0,0,0
olson,2003-05-06,id_43,1,0,0,0
broaddus,2003-05-06,id_7,1,0,0,0
guynn,2003-05-06,id_20,1,0,0,0
kohn,2003-05-06,id_29,1,0,0,0
ferguson,2003-05-06,id_13,1,0,0,0
parry,2003-05-06,id_45,1,0,0,0
bernanke,2003-05-06,id_1,1,0,0,0
gramlich,2003-05-06,id_17,1,0,0,0
bies,2003-05-06,id_2,1,0,0,0
moskow,2003-05-06,id_41,1,0,0,0
olson,2003-06-25,id_43,1,0,0,0
hoenig,2003-06-25,id_23,1,0,0,0
gramlich,2003-06-25,id_17,1,0,0,0
greenspan,2003-06-25,id_18,1,0,0,0
parry,2003-06-25,id_45,1,0,0,1
guynn,2003-06-25,id_20,1,0,0,0
broaddus,2003-06-25,id_7,1,0,0,0
ferguson,2003-06-25,id_13,1,0,0,0
kohn,2003-06-25,id_29,1,0,0,0
moskow,2003-06-25,id_41,1,0,0,0
bernanke,2003-06-25,id_1,1,0,0,0
bies,2003-06-25,id_2,1,0,0,0
bies,2003-08-12,id_2,1,0,0,0
moskow,2003-08-12,id_41,1,0,0,0
broaddus,2003-08-12,id_7,1,0,0,0
ferguson,2003-08-12,id_13,1,0,0,0
parry,2003-08-12,id_45,1,0,0,0
kohn,2003-08-12,id_29,1,0,0,0
bernanke,2003-08-12,id_1,1,0,0,0
greenspan,2003-08-12,id_18,1,0,0,0
gramlich,2003-08-12,id_17,1,0,0,0
guynn,2003-08-12,id_20,1,0,0,0
olson,2003-08-12,id_43,1,0,0,0
hoenig,2003-08-12,id_23,1,0,0,0
bernanke,2003-09-16,id_1,1,0,0,0
kohn,2003-09-16,id_29,1,0,0,0
ferguson,2003-09-16,id_13,1,0,0,0
guynn,2003-09-16,id_20,1,0,0,0
parry,2003-09-16,id_45,1,0,0,0
bies,2003-09-16,id_2,1,0,0,0
broaddus,2003-09-16,id_7,1,0,0,0
gramlich,2003-09-16,id_17,1,0,0,0
moskow,2003-09-16,id_41,1,0,0,0
hoenig,2003-09-16,id_23,1,0,0,0
olson,2003-09-16,id_43,1,0,0,0
greenspan,2003-09-16,id_18,1,0,0,0
gramlich,2003-10-28,id_17,1,0,0,0
parry,2003-10-28,id_45,1,0,0,0
greenspan,2003-10-28,id_18,1,0,0,0
ferguson,2003-10-28,id_13,1,0,0,0
hoenig,2003-10-28,id_23,1,0,0,0
bies,2003-10-28,id_2,1,0,0,0
kohn,2003-10-28,id_29,1,0,0,0
guynn,2003-10-28,id_20,1,0,0,0
moskow,2003-10-28,id_41,1,0,0,0
bernanke,2003-10-28,id_1,1,0,0,0
broaddus,2003-10-28,id_7,1,0,0,0
olson,2003-10-28,id_43,1,0,0,0
geithner,2003-12-09,id_16,1,0,0,0
greenspan,2003-12-09,id_18,1,0,0,0
guynn,2003-12-09,id_20,1,0,0,0
bies,2003-12-09,id_2,1,0,0,0
broaddus,2003-12-09,id_7,1,0,0,0
moskow,2003-12-09,id_41,1,0,0,0
parry,2003-12-09,id_45,1,0,0,0
ferguson,2003-12-09,id_13,1,0,0,0
gramlich,2003-12-09,id_17,1,0,0,0
bernanke,2003-12-09,id_1,1,0,0,0
olson,2003-12-09,id_43,1,0,0,0
kohn,2003-12-09,id_29,1,0,0,0
geithner,2004-01-28,id_16,1,0,0,0
bies,2004-01-28,id_2,1,0,0,0
bernanke,2004-01-28,id_1,1,0,0,0
poole,2004-01-28,id_49,1,0,0,0
hoenig,2004-01-28,id_23,1,0,0,0
olson,2004-01-28,id_43,1,0,0,0
minehan,2004-01-28,id_39,1,0,0,0
gramlich,2004-01-28,id_17,1,0,0,0
greenspan,2004-01-28,id_18,1,0,0,0
ferguson,2004-01-28,id_13,1,0,0,0
kohn,2004-01-28,id_29,1,0,0,0
pianalto,2004-01-28,id_47,1,0,0,0
ferguson,2004-03-16,id_13,1,0,0,0
bernanke,2004-03-16,id_1,1,0,0,0
gramlich,2004-03-16,id_17,1,0,0,0
geithner,2004-03-16,id_16,1,0,0,0
olson,2004-03-16,id_43,1,0,0,0
greenspan,2004-03-16,id_18,1,0,0,0
hoenig,2004-03-16,id_23,1,0,0,0
minehan,2004-03-16,id_39,1,0,0,0
kohn,2004-03-16,id_29,1,0,0,0
poole,2004-03-16,id_49,1,0,0,0
bies,2004-03-16,id_2,1,0,0,0
pianalto,2004-03-16,id_47,1,0,0,0
minehan,2004-05-04,id_39,1,0,0,0
ferguson,2004-05-04,id_13,1,0,0,0
bies,2004-05-04,id_2,1,0,0,0
pianalto,2004-05-04,id_47,1,0,0,0
greenspan,2004-05-04,id_18,1,0,0,0
gramlich,2004-05-04,id_17,1,0,0,0
kohn,2004-05-04,id_29,1,0,0,0
geithner,2004-05-04,id_16,1,0,0,0
olson,2004-05-04,id_43,1,0,0,0
poole,2004-05-04,id_49,1,0,0,0
bernanke,2004-05-04,id_1,1,0,0,0
hoenig,2004-05-04,id_23,1,0,0,0
olson,2004-06-30,id_43,1,0,0,0
bernanke,2004-06-30,id_1,1,0,0,0
greenspan,2004-06-30,id_18,1,0,0,0
minehan,2004-06-30,id_39,1,0,0,0
geithner,2004-06-30,id_16,1,0,0,0
hoenig,2004-06-30,id_23,1,0,0,0
kohn,2004-06-30,id_29,1,0,0,0
gramlich,2004-06-30,id_17,1,0,0,0
ferguson,2004-06-30,id_13,1,0,0,0
bies,2004-06-30,id_2,1,0,0,0
pianalto,2004-06-30,id_47,1,0,0,0
poole,2004-06-30,id_49,1,0,0,0
ferguson,2004-08-10,id_13,1,0,0,0
minehan,2004-08-10,id_39,1,0,0,0
pianalto,2004-08-10,id_47,1,0,0,0
gramlich,2004-08-10,id_17,1,0,0,0
kohn,2004-08-10,id_29,1,0,0,0
bies,2004-08-10,id_2,1,0,0,0
hoenig,2004-08-10,id_23,1,0,0,0
poole,2004-08-10,id_49,1,0,0,0
geithner,2004-08-10,id_16,1,0,0,0
bernanke,2004-08-10,id_1,1,0,0,0
olson,2004-08-10,id_43,1,0,0,0
greenspan,2004-08-10,id_18,1,0,0,0
pianalto,2004-09-21,id_47,1,0,0,0
geithner,2004-09-21,id_16,1,0,0,0
bies,2004-09-21,id_2,1,0,0,0
greenspan,2004-09-21,id_18,1,0,0,0
poole,2004-09-21,id_49,1,0,0,0
bernanke,2004-09-21,id_1,1,0,0,0
olson,2004-09-21,id_43,1,0,0,0
hoenig,2004-09-21,id_23,1,0,0,0
minehan,2004-09-21,id_39,1,0,0,0
ferguson,2004-09-21,id_13,1,0,0,0
kohn,2004-09-21,id_29,1,0,0,0
gramlich,2004-09-21,id_17,1,0,0,0
hoenig,2004-11-10,id_23,1,0,0,0
bernanke,2004-11-10,id_1,1,0,0,0
pianalto,2004-11-10,id_47,1,0,0,0
geithner,2004-11-10,id_16,1,0,0,0
bies,2004-11-10,id_2,1,0,0,0
poole,2004-11-10,id_49,1,0,0,0
minehan,2004-11-10,id_39,1,0,0,0
ferguson,2004-11-10,id_13,1,0,0,0
greenspan,2004-11-10,id_18,1,0,0,0
gramlich,2004-11-10,id_17,1,0,0,0
kohn,2004-11-10,id_29,1,0,0,0
olson,2004-11-10,id_43,1,0,0,0
minehan,2004-12-14,id_39,1,0,0,0
ferguson,2004-12-14,id_13,1,0,0,0
kohn,2004-12-14,id_29,1,0,0,0
pianalto,2004-12-14,id_47,1,0,0,0
gramlich,2004-12-14,id_17,1,0,0,0
geithner,2004-12-14,id_16,1,0,0,0
olson,2004-12-14,id_43,1,0,0,0
bernanke,2004-12-14,id_1,1,0,0,0
greenspan,2004-12-14,id_18,1,0,0,0
poole,2004-12-14,id_49,1,0,0,0
hoenig,2004-12-14,id_23,1,0,0,0
bies,2004-12-14,id_2,1,0,0,0
geithner,2005-02-02,id_16,1,0,0,0
hoenig,2005-02-02,id_23,1,0,0,0
moskow,2005-02-02,id_41,1,0,0,0
bernanke,2005-02-02,id_1,1,0,0,0
olson,2005-02-02,id_43,1,0,0,0
greenspan,2005-02-02,id_18,1,0,0,0
gramlich,2005-02-02,id_17,1,0,0,0
bies,2005-02-02,id_2,1,0,0,0
ferguson,2005-02-02,id_13,1,0,0,0
stern,2005-02-02,id_55,1,0,0,0
kohn,2005-02-02,id_29,1,0,0,0
santomero,2005-02-02,id_53,1,0,0,0
guynn,2005-03-22,id_20,1,0,0,0
ferguson,2005-03-22,id_13,1,0,0,0
geithner,2005-03-22,id_16,1,0,0,0
stern,2005-03-22,id_55,1,0,0,0
greenspan,2005-03-22,id_18,1,0,0,0
gramlich,2005-03-22,id_17,1,0,0,0
bernanke,2005-03-22,id_1,1,0,0,0
olson,2005-03-22,id_43,1,0,0,0
santomero,2005-03-22,id_53,1,0,0,0
moskow,2005-03-22,id_41,1,0,0,0
bies,2005-03-22,id_2,1,0,0,0
kohn,2005-03-22,id_29,1,0,0,0
ferguson,2005-05-03,id_13,1,0,0,0
bies,2005-05-03,id_2,1,0,0,0
kohn,2005-05-03,id_29,1,0,0,0
olson,2005-05-03,id_43,1,0,0,0
santomero,2005-05-03,id_53,1,0,0,0
moskow,2005-05-03,id_41,1,0,0,0
gramlich,2005-05-03,id_17,1,0,0,0
geithner,2005-05-03,id_16,1,0,0,0
fisher,2005-05-03,id_14,1,0,0,0
greenspan,2005-05-03,id_18,1,0,0,0
stern,2005-05-03,id_55,1,0,0,0
olson,2005-06-30,id_43,1,0,0,0
gramlich,2005-06-30,id_17,1,0,0,0
kohn,2005-06-30,id_29,1,0,0,0
stern,2005-06-30,id_55,1,0,0,0
fisher,2005-06-30,id_14,1,0,0,0
bies,2005-06-30,id_2,1,0,0,0
geithner,2005-06-30,id_16,1,0,0,0
santomero,2005-06-30,id_53,1,0,0,0
moskow,2005-06-30,id_41,1,0,0,0
greenspan,2005-06-30,id_18,1,0,0,0
ferguson,2005-06-30,id_13,1,0,0,0
greenspan,2005-08-09,id_18,1,0,0,0
stern,2005-08-09,id_55,1,0,0,0
geithner,2005-08-09,id_16,1,0,0,0
fisher,2005-08-09,id_14,1,0,0,0
kohn,2005-08-09,id_29,1,0,0,0
santomero,2005-08-09,id_53,1,0,0,0
bies,2005-08-09,id_2,1,0,0,0
olson,2005-08-09,id_43,1,0,0,0
ferguson,2005-08-09,id_13,1,0,0,0
moskow,2005-08-09,id_41,1,0,0,0
bies,2005-09-20,id_2,1,0,0,0
geithner,2005-09-20,id_16,1,0,0,0
ferguson,2005-09-20,id_13,1,0,0,0
olson,2005-09-20,id_43,1,0,0,1
fisher,2005-09-20,id_14,1,0,0,0
kohn,2005-09-20,id_29,1,0,0,0
stern,2005-09-20,id_55,1,0,0,0
moskow,2005-09-20,id_41,1,0,0,0
greenspan,2005-09-20,id_18,1,0,0,0
santomero,2005-09-20,id_53,1,0,0,0
geithner,2005-11-01,id_16,1,0,0,0
bies,2005-11-01,id_2,1,0,0,0
fisher,2005-11-01,id_14,1,0,0,0
santomero,2005-11-01,id_53,1,0,0,0
moskow,2005-11-01,id_41,1,0,0,0
stern,2005-11-01,id_55,1,0,0,0
kohn,2005-11-01,id_29,1,0,0,0
olson,2005-11-01,id_43,1,0,0,0
greenspan,2005-11-01,id_18,1,0,0,0
ferguson,2005-11-01,id_13,1,0,0,0
greenspan,2005-12-13,id_18,1,0,0,0
moskow,2005-12-13,id_41,1,0,0,0
kohn,2005-12-13,id_29,1,0,0,0
stern,2005-12-13,id_55,1,0,0,0
santomero,2005-12-13,id_53,1,0,0,0
geithner,2005-12-13,id_16,1,0,0,0
ferguson,2005-12-13,id_13,1,0,0,0
olson,2005-12-13,id_43,1,0,0,0
bies,2005-12-13,id_2,1,0,0,0
fisher,2005-12-13,id_14,1,0,0,0
ferguson,2006-01-31,id_13,1,0,0,0
bies,2006-01-31,id_2,1,0,0,0
geithner,2006-01-31,id_16,1,0,0,0
greenspan,2006-01-31,id_18,1,0,0,0
guynn,2006-01-31,id_20,1,0,0,0
pianalto,2006-01-31,id_47,1,0,0,0
lacker,2006-01-31,id_32,1,0,0,0
kohn,2006-01-31,id_29,1,0,0,0
yellen,2006-01-31,id_61,1,0,0,0
olson,2006-01-31,id_43,1,0,0,0
lacker,2006-03-28,id_32,1,0,0,0
geithner,2006-03-28,id_16,1,0,0,0
guynn,2006-03-28,id_20,1,0,0,0
kohn,2006-03-28,id_29,1,0,0,0
pianalto,2006-03-28,id_47,1,0,0,0
kroszner,2006-03-28,id_30,1,0,0,0
yellen,2006-03-28,id_61,1,0,0,0
warsh,2006-03-28,id_59,1,0,0,0
bies,2006-03-28,id_2,1,0,0,0
bernanke,2006-03-28,id_1,1,0,0,0
olson,2006-03-28,id_43,1,0,0,0
pianalto,2006-05-10,id_47,1,0,0,0
geithner,2006-05-10,id_16,1,0,0,0
warsh,2006-05-10,id_59,1,0,0,0
bernanke,2006-05-10,id_1,1,0,0,0
bies,2006-05-10,id_2,1,0,0,0
olson,2006-05-10,id_43,1,0,0,0
kohn,2006-05-10,id_29,1,0,0,0
yellen,2006-05-10,id_61,1,0,0,0
lacker,2006-05-10,id_32,1,0,0,0
kroszner,2006-05-10,id_30,1,0,0,0
guynn,2006-05-10,id_20,1,0,0,0
warsh,2006-06-29,id_59,1,0,0,0
guynn,2006-06-29,id_20,1,0,0,0
geithner,2006-06-29,id_16,1,0,0,0
lacker,2006-06-29,id_32,1,0,0,0
bernanke,2006-06-29,id_1,1,0,0,0
kohn,2006-06-29,id_29,1,0,0,0
bies,2006-06-29,id_2,1,0,0,0
yellen,2006-06-29,id_61,1,0,0,0
pianalto,2006-06-29,id_47,1,0,0,0
kroszner,2006-06-29,id_30,1,0,0,0
bies,2006-08-08,id_2,1,0,0,0
kohn,2006-08-08,id_29,1,0,0,0
pianalto,2006-08-08,id_47,1,0,0,0
yellen,2006-08-08,id_61,1,0,0,0
geithner,2006-08-08,id_16,1,0,0,0
warsh,2006-08-08,id_59,1,0,0,0
kroszner,2006-08-08,id_30,1,0,0,0
bernanke,2006-08-08,id_1,1,0,0,0
lacker,2006-08-08,id_32,1,0,1,0
guynn,2006-08-08,id_20,1,0,0,0
kohn,2006-09-20,id_29,1,0,0,0
geithner,2006-09-20,id_16,1,0,0,0
guynn,2006-09-20,id_20,1,0,0,0
kroszner,2006-09-20,id_30,1,0,0,0
warsh,2006-09-20,id_59,1,0,0,0
pianalto,2006-09-20,id_47,1,0,0,0
bies,2006-09-20,id_2,1,0,0,0
lacker,2006-09-20,id_32,1,0,1,0
mishkin,2006-09-20,id_40,1,0,0,0
yellen,2006-09-20,id_61,1,0,0,0
bernanke,2006-09-20,id_1,1,0,0,0
geithner,2006-10-25,id_16,1,0,0,0
mishkin,2006-10-25,id_40,1,0,0,0
hoenig,2006-10-25,id_23,1,0,0,0
yellen,2006-10-25,id_61,1,0,0,0
pianalto,2006-10-25,id_47,1,0,0,0
kroszner,2006-10-25,id_30,1,0,0,0
warsh,2006-10-25,id_59,1,0,0,0
bernanke,2006-10-25,id_1,1,0,0,0
bies,2006-10-25,id_2,1,0,0,0
kohn,2006-10-25,id_29,1,0,0,0
lacker,2006-10-25,id_32,1,0,1,0
geithner,2006-12-12,id_16,1,0,0,0
kohn,2006-12-12,id_29,1,0,0,0
bernanke,2006-12-12,id_1,1,0,0,0
mishkin,2006-12-12,id_40,1,0,0,0
yellen,2006-12-12,id_61,1,0,0,0
warsh,2006-12-12,id_59,1,0,0,0
kroszner,2006-12-12,id_30,1,0,0,0
poole,2006-12-12,id_49,1,0,0,0
lacker,2006-12-12,id_32,1,0,1,0
pianalto,2006-12-12,id_47,1,0,0,0
bies,2006-12-12,id_2,1,0,0,0
mishkin,2007-01-31,id_40,1,0,0,0
poole,2007-01-31,id_49,1,0,0,0
geithner,2007-01-31,id_16,1,0,0,0
bies,2007-01-31,id_2,1,0,0,0
minehan,2007-01-31,id_39,1,0,0,0
moskow,2007-01-31,id_41,1,0,0,0
kohn,2007-01-31,id_29,1,0,0,0
bernanke,2007-01-31,id_1,1,0,0,0
hoenig,2007-01-31,id_23,1,0,0,0
warsh,2007-01-31,id_59,1,0,0,0
kroszner,2007-01-31,id_30,1,0,0,0
poole,2007-03-21,id_49,1,0,0,0
kroszner,2007-03-21,id_30,1,0,0,0
minehan,2007-03-21,id_39,1,0,0,0
moskow,2007-03-21,id_41,1,0,0,0
kohn,2007-03-21,id_29,1,0,0,0
bernanke,2007-03-21,id_1,1,0,0,0
warsh,2007-03-21,id_59,1,0,0,0
mishkin,2007-03-21,id_40,1,0,0,0
hoenig,2007-03-21,id_23,1,0,0,0
geithner,2007-03-21,id_16,1,0,0,0
warsh,2007-05-09,id_59,1,0,0,0
moskow,2007-05-09,id_41,1,0,0,0
geithner,2007-05-09,id_16,1,0,0,0
kohn,2007-05-09,id_29,1,0,0,0
bernanke,2007-05-09,id_1,1,0,0,0
poole,2007-05-09,id_49,1,0,0,0
mishkin,2007-05-09,id_40,1,0,0,0
hoenig,2007-05-09,id_23,1,0,0,0
kroszner,2007-05-09,id_30,1,0,0,0
minehan,2007-05-09,id_39,1,0,0,0
kroszner,2007-06-28,id_30,1,0,0,0
bernanke,2007-06-28,id_1,1,0,0,0
warsh,2007-06-28,id_59,1,0,0,0
poole,2007-06-28,id_49,1,0,0,0
minehan,2007-06-28,id_39,1,0,0,0
hoenig,2007-06-28,id_23,1,0,0,0
mishkin,2007-06-28,id_40,1,0,0,0
moskow,2007-06-28,id_41,1,0,0,0
kohn,2007-06-28,id_29,1,0,0,0
geithner,2007-06-28,id_16,1,0,0,0
kroszner,2007-08-07,id_30,1,0,0,0
hoenig,2007-08-07,id_23,1,0,0,0
mishkin,2007-08-07,id_40,1,0,0,0
rosengren,2007-08-07,id_52,1,0,0,0
poole,2007-08-07,id_49,1,0,0,0
warsh,2007-08-07,id_59,1,0,0,0
bernanke,2007-08-07,id_1,1,0,0,0
geithner,2007-08-07,id_16,1,0,0,0
moskow,2007-08-07,id_41,1,0,0,0
kohn,2007-08-07,id_29,1,0,0,0
evans,2007-09-18,id_12,1,0,0,0
kohn,2007-09-18,id_29,1,0,0,0
kroszner,2007-09-18,id_30,1,0,0,0
geithner,2007-09-18,id_16,1,0,0,0
rosengren,2007-09-18,id_52,1,0,0,0
warsh,2007-09-18,id_59,1,0,0,0
poole,2007-09-18,id_49,1,0,0,0
mishkin,2007-09-18,id_40,1,0,0,0
hoenig,2007-09-18,id_23,1,0,0,0
bernanke,2007-09-18,id_1,1,0,0,0
bernanke,2007-10-31,id_1,1,0,0,0
poole,2007-10-31,id_49,1,0,0,0
kohn,2007-10-31,id_29,1,0,0,0
kroszner,2007-10-31,id_30,1,0,0,0
hoenig,2007-10-31,id_23,1,0,1,0
mishkin,2007-10-31,id_40,1,0,0,0
geithner,2007-10-31,id_16,1,0,0,0
warsh,2007-10-31,id_59,1,0,0,0
rosengren,2007-10-31,id_52,1,0,0,0
evans,2007-10-31,id_12,1,0,0,0
mishkin,2007-12-11,id_40,1,0,0,0
bernanke,2007-12-11,id_1,1,0,0,0
warsh,2007-12-11,id_59,1,0,0,0
kroszner,2007-12-11,id_30,1,0,0,0
geithner,2007-12-11,id_16,1,0,0,0
rosengren,2007-12-11,id_52,1,0,0,1
kohn,2007-12-11,id_29,1,0,0,0
evans,2007-12-11,id_12,1,0,0,0
hoenig,2007-12-11,id_23,1,0,0,0
poole,2007-12-11,id_49,1,0,0,0
warsh,2008-01-21,id_59,1,0,0,0
kroszner,2008-01-21,id_30,1,0,0,0
bernanke,2008-01-21,id_1,1,0,0,0
evans,2008-01-21,id_12,1,0,0,0
rosengren,2008-01-21,id_52,1,0,0,0
kohn,2008-01-21,id_29,1,0,0,0
hoenig,2008-01-21,id_23,1,0,0,0
geithner,2008-01-21,id_16,1,0,0,0
poole,2008-01-21,id_49,1,0,1,0
bernanke,2008-01-30,id_1,1,0,0,0
geithner,2008-01-30,id_16,1,0,0,0
fisher,2008-01-30,id_14,1,0,1,0
warsh,2008-01-30,id_59,1,0,0,0
mishkin,2008-01-30,id_40,1,0,0,0
pianalto,2008-01-30,id_47,1,0,0,0
kroszner,2008-01-30,id_30,1,0,0,0
plosser,2008-01-30,id_48,1,0,0,0
kohn,2008-01-30,id_29,1,0,0,0
stern,2008-01-30,id_55,1,0,0,0
fisher,2008-03-18,id_14,1,0,1,0
plosser,2008-03-18,id_48,1,0,1,0
warsh,2008-03-18,id_59,1,0,0,0
geithner,2008-03-18,id_16,1,0,0,0
kroszner,2008-03-18,id_30,1,0,0,0
kohn,2008-03-18,id_29,1,0,0,0
pianalto,2008-03-18,id_47,1,0,0,0
mishkin,2008-03-18,id_40,1,0,0,0
stern,2008-03-18,id_55,1,0,0,0
bernanke,2008-03-18,id_1,1,0,0,0
pianalto,2008-04-30,id_47,1,0,0,0
warsh,2008-04-30,id_59,1,0,0,0
fisher,2008-04-30,id_14,1,0,1,0
stern,2008-04-30,id_55,1,0,0,0
mishkin,2008-04-30,id_40,1,0,0,0
plosser,2008-04-30,id_48,1,0,1,0
kroszner,2008-04-30,id_30,1,0,0,0
bernanke,2008-04-30,id_1,1,0,0,0
geithner,2008-04-30,id_16,1,0,0,0
kohn,2008-04-30,id_29,1,0,0,0
fisher,2008-06-25,id_14,1,0,1,0
geithner,2008-06-25,id_16,1,0,0,0
pianalto,2008-06-25,id_47,1,0,0,0
warsh,2008-06-25,id_59,1,0,0,0
stern,2008-06-25,id_55,1,0,0,0
mishkin,2008-06-25,id_40,1,0,0,0
bernanke,2008-06-25,id_1,1,0,0,0
kroszner,2008-06-25,id_30,1,0,0,0
plosser,2008-06-25,id_48,1,0,0,0
kohn,2008-06-25,id_29,1,0,0,0
kroszner,2008-08-05,id_30,1,0,0,0
fisher,2008-08-05,id_14,1,0,1,0
stern,2008-08-05,id_55,1,0,0,0
pianalto,2008-08-05,id_47,1,0,0,0
bernanke,2008-08-05,id_1,1,0,0,0
geithner,2008-08-05,id_16,1,0,0,0
kohn,2008-08-05,id_29,1,0,0,0
mishkin,2008-08-05,id_40,1,0,0,0
warsh,2008-08-05,id_59,1,0,0,0
plosser,2008-08-05,id_48,1,0,0,0
duke,2008-08-05,id_11,1,0,0,0
bernanke,2008-09-16,id_1,1,0,0,0
pianalto,2008-09-16,id_47,1,0,0,0
stern,2008-09-16,id_55,1,0,0,0
duke,2008-09-16,id_11,1,0,0,0
kohn,2008-09-16,id_29,1,0,0,0
kroszner,2008-09-16,id_30,1,0,0,0
cumming,2008-09-16,id_9,1,0,0,0
plosser,2008-09-16,id_48,1,0,0,0
warsh,2008-09-16,id_59,1,0,0,0
fisher,2008-09-16,id_14,1,0,0,0
kohn,2008-10-07,id_29,1,0,0,0
plosser,2008-10-07,id_48,1,0,0,0
duke,2008-10-07,id_11,1,0,0,0
warsh,2008-10-07,id_59,1,0,0,0
stern,2008-10-07,id_55,1,0,0,0
kroszner,2008-10-07,id_30,1,0,0,0
geithner,2008-10-07,id_16,1,0,0,0
bernanke,2008-10-07,id_1,1,0,0,0
fisher,2008-10-07,id_14,1,0,0,0
pianalto,2008-10-07,id_47,1,0,0,0
geithner,2008-10-29,id_16,1,0,0,0
plosser,2008-10-29,id_48,1,0,0,0
bernanke,2008-10-29,id_1,1,0,0,0
warsh,2008-10-29,id_59,1,0,0,0
kohn,2008-10-29,id_29,1,0,0,0
stern,2008-10-29,id_55,1,0,0,0
kroszner,2008-10-29,id_30,1,0,0,0
fisher,2008-10-29,id_14,1,0,0,0
duke,2008-10-29,id_11,1,0,0,0
pianalto,2008-10-29,id_47,1,0,0,0
cumming,2008-12-16,id_9,1,0,0,0
plosser,2008-12-16,id_48,1,0,0,0
duke,2008-12-16,id_11,1,0,0,0
fisher,2008-12-16,id_14,1,0,0,0
bernanke,2008-12-16,id_1,1,0,0,0
warsh,2008-12-16,id_59,1,0,0,0
kroszner,2008-12-16,id_30,1,0,0,0
kohn,2008-12-16,id_29,1,0,0,0
pianalto,2008-12-16,id_47,1,0,0,0
stern,2008-12-16,id_55,1,0,0,0
